name,addr,city,phone,type
mel's drive-in,3355 geary st.,san francisco,415-387-2244,hamburgers
boulevard,1 mission st.,san francisco,415-543-6084,american (new)
tra di noi,3835 cross creek rd.,los angeles,310/456-0169,italian
tang pavillion,65 w. 55th st.,new york,212/956-6888,asian
water club,500 e. 30th st.,new york,212/683-3333,american
palace court,3570 las vegas blvd. s,las vegas,702/731-7547,continental
mary mac's tea room,224 ponce de leon ave.,atlanta,404-876-1800,southern/soul
cafe bizou,14016 ventura blvd.,sherman oaks,818/788-3536,french
van gogh's restaurant & bar,70 w. crossville rd.,roswell,770-993-1156,american (new)
pamir,1065 1st ave.  at 58th st.,new york,212/644-9258,middle eastern
gramercy tavern,42 e. 20th st.,new york city,212-477-0777,american (new)
izzy's steak & chop house,3345 steiner st.,san francisco,415/563-0487,steak houses
big cup,228 8th ave.  between 21st and 22nd sts.,new york,212/206-0059,coffee bar
grand cafe hotel monaco,501 geary st.,san francisco,415/292-0101,american
steak house  the,2880 las vegas blvd. s.,las vegas,702-734-0410,steakhouses
canter's,419 n. fairfax ave.,los angeles,213/651-2030.,american
ritz-carlton restaurant and dining room,600 stockton st.,san francisco,415/296-7465,american
duane park cafe,157 duane st.  between w. broadway and hudson st.,new york,212/732-5555,american
fraunces tavern,54 pearl st. at broad st.,new york,212/269-0144,american
virgil's,152 w. 44th st.,new york,212/ 921-9494,american
roettelle a. g,126 e. 7th st.  between 1st ave. and ave. a,new york,212/674-4140,continental
au mandarin,200-250 vesey st. world financial center,new york,212/385-0313,asian
tse yang,34 e. 51st st.,new york,212/688-5447,asian
spago (los angeles),8795 sunset blvd.,w. hollywood,310-652-4025,californian
stringer's fish camp and oyster bar,3384 shallowford rd.  chamblee,atlanta,770/458-7145,southern
pisces,95 ave. a at 6th st.,new york,212/260-6660,seafood
cassis,3300 peachtree rd.  grand hyatt,atlanta,404/365-8100,mediterranean
carmine's,2450 broadway  between 90th and 91st sts.,new york,212/362-2200,italian
arizona,206 206 e. 60th st.,new york,212/838-0440,american
caffe dell'artista,46 greenwich ave.,new york,212/645-4431,coffee bar
buccaneer bay club,3300 las vegas blvd. s.,las vegas,702-894-7350,continental
le chardonnay,8284 melrose ave.,los angeles,213/655-8880,french
caffe vivaldi,32 jones st. at bleecker st.,new york,212/691-7538,coffee bar
ocean star,145 n. atlantic blvd.,monterey park,818-308-2128,seafood
perry's,1944 union st.,san francisco,415/922-9022,american
aureole,34 e. 61st st.,new york city,212-319-1660,american (new)
koo koo roo,8393 w. beverly blvd.,la,213-655-9045,chicken
bradshaw's restaurant,2911 s. pharr court,atlanta,404-261-7015,southern/soul
benny's burritos,93 ave. a,new york city,212-254-2054,mexican
orleans,11705 national blvd.,los angeles,310/479-4187,cajun
le select,507 columbus ave.  between 84th and 85th sts.,new york,212/875-1993,american
il fornaio levi's plaza,1265 battery st.,san francisco,415/986-0100,italian
veselka,144 second ave.,new york city,212-228-9682,ukrainian
sammy's roumanian steak house,157 chrystie st. at delancey st.,new york,212/673-0330,east european
grill on the alley,9560 dayton way,los angeles,310/276-0615,american
sanppo,1702 post st.,san francisco,415/346-3486,asian
cafe bianco,1486 2nd ave.  between 77th and 78th sts.,new york,212/988-2655,coffee bar
le bernardin,155 w. 51st st.,new york city,212-489-1515,seafood
chanterelle,2 harrison st.,new york city,212-966-6960,french (new)
restaurant horikawa,111 s. san pedro st.,los angeles,213/680-9355,asian
9 jones street,9 jones st.,new york,212/989-1220,american
maxwell's cafe,13329 washington blvd.,marina del rey,310-306-7829,american
osteria al droge,142 w. 44th st.,new york,212/944-3643,italian
le central,453 bush st.,san francisco,415/391-2233,french
restaurant  ritz-carlton  atlanta,181 peachtree st.,atlanta,404/659-0400,continental
battista's hole in the wall,4041 audrie st. at flamingo rd.,las vegas,702/732-1424,italian
bally's big kitchen,3645 las vegas blvd. s,las vegas,702/739-4111,buffets
rose pistola,532 columbus ave.,san francisco,415-399-0499,italian
circus circus,2880 las vegas blvd. s,las vegas,702/734-0410,buffets
straits cafe,3300 geary blvd.,san francisco,415/668-1783,asian
french roast cafe,2340 broadway at 85th st.,new york,212/799-1533,coffee bar
gumbo pot  the,6333 w. third st.,la,213-933-0358,cajun/creole
cafe renaissance,7050 jimmy carter blvd.  norcross,atlanta,770/441--0291,american
south of france,2345 cheshire bridge rd.,atlanta,404/325-6963,french
pano's and paul's,1232 w. paces ferry rd.,atlanta,404/261-3662,international
fog city diner,1300 battery st.,san francisco,415/982-2000,american
mad fish,2182 broadway  between 77th and 78th sts.,new york,212/787-0202,seafood
georgia grille,2290 peachtree rd.,atlanta,404-352-3517,southwestern
gladstone's,4 fish 17300 pacific coast hwy. at sunset blvd.,pacific palisades,310/454-3474,american
lillie langtry's,129 e. fremont st.,las vegas,702/385-7111,asian
windows on the world,107th fl.,new york city,212-524-7000,eclectic
island spice,402 w. 44th st.,new york,212/765-1737,tel caribbean
river cafe,1 water st.,brooklyn,718-522-5200,american (new)
the savannah club,2420 broadway at 89th st.,new york,212/496-1066,american
sarabeth's kitchen,423 amsterdam ave.  between 80th and 81st sts.,new york,212/496-6280,american
petrossian,182 w. 58th st.,new york,212/245-2214,french
san domenico,240 central park s,new york,212/265-5959,italian
bix,56 gold st.,san francisco,415/433-6300,american
march,405 e. 58th st.,new york,212/754-6272,american
sofia fabulous pizza,1022 madison ave.  near 79th st.,new york,212/734-2676,italian
lutece,249 e. 50th st.,new york city,212-752-2225,french (classic)
cupcake cafe,522 9th ave. at 39th st.,new york,212/465-1530,coffee bar
victor's cafe,52 236 w. 52nd st.,new york,212/586-7714,latin american
brookhaven cafe,4274 peachtree rd.,atlanta,404-231-5907,vegetarian
greenwood's,1087 green st.,roswell,770-992-5383,southern/soul
sa tsu ki,3043 buford hwy.,atlanta,404/325-5285,asian
sundown cafe,2165 cheshire bridge rd.,atlanta,404/321-1118,american
mesa grill,102 5th ave.  between 15th and 16th sts.,new york,212/807-7400,american
chinois on main,2709 main st.,santa monica,310-392-9025,pacific new wave
anthonys,3109 piedmont rd.  just south of peachtree rd.,atlanta,404/262-7379,american
valentino,3115 pico blvd.,santa monica,310-829-4313,italian
valentino,3115 pico blvd.,santa monica,310/829-4313,italian
chez jacqueline,72 macdougal st.  between w. houston and bleecker sts.,new york,212/505-0727,french
heera of india,595 piedmont ave.,atlanta,404-876-4408,indian
szechuan hunan cottage,1588 york ave.,new york city,212-535-5223,chinese
nickiemoto's: a sushi bar,247 buckhead ave.  east village sq.,atlanta,404/842-0334,fusion
cafe blanc,9777 little santa monica blvd.,beverly hills,310-888-0108,pacific new wave
rubicon,558 sacramento st.,san francisco,415/434-4100,american
cafe  ritz-carlton  buckhead,3434 peachtree rd.,atlanta,404/237-2700,ext 6108 international
nava,3060 peachtree rd.,atlanta,404-240-1984,southwestern
california culinary academy,625 polk st.,san francisco,415/771-3500,french
pano's & paul's,1232 w. paces ferry rd.,atlanta,404-261-3662,american (new)
hayes street grill,320 hayes st.,san francisco,415/863-5545,seafood
michael's (los angeles),1147 third st.,santa monica,310-451-0843,californian
jack's,615 sacramento st.,san francisco,415/986-9854,old san francisco
le dome,8720 sunset blvd.,los angeles,310/659-6919,french
les halles,411 park ave. s  between 28th and 29th sts.,new york,212/679-4111,french
corrado cafe,1013 3rd ave.  between 60th and 61st sts.,new york,212/753-5100,coffee bar
antonio's,3700 w. flamingo,las vegas,702/252-7737,italian
fenix at the argyle,8358 sunset blvd.,w. hollywood,213-848-6677,french (new)
art's deli,12224 ventura blvd.,studio city,818-762-1221,delis
inca grill,492 broome st.  near w. broadway,new york,212/966-3371,latin american
le colonial,8783 beverly blvd.,los angeles,310/289-0660,asian
harbor village,4 embarcadero center,san francisco,415/781-8833,asian
planet hollywood,140 w. 57th st.,new york,212/333-7827,american
ipanema,13 w. 46th st.,new york,212/730-5848,latin american
rose pistola,532 columbus ave.,san francisco,415/399-0499,italian
eats,600 ponce de leon ave.,atlanta,404-888-9149,italian
monkey bar,60 e. 54th st.,new york,212/838-2600,american
alon's at the terrace,659 peachtree st.,atlanta,404-724-0444,sandwiches
caffe bondi ristorante,7 w. 20th st.,new york,212/691-8136,italian
la grotta at ravinia dunwoody rd.,holiday inn/crowne plaza at ravinia  dunwoody,atlanta,770/395-9925,italian
campanile,624 s. la brea ave.,los angeles,213-938-1447,californian
hard rock cafe,8600 beverly blvd.,los angeles,310/276-7605,american
l'orangerie,903 n. la cienega blvd.,los angeles,310/652-9770,french
fishin eddie,73 w. 71st st.,new york,212/874-3474,seafood
ritz-carlton dining room (san francisco),600 stockton st.,san francisco,415-296-7465,french (new)
garden court,market and new montgomery sts.,san francisco,415/546-5011,old san francisco
one if by land  tibs,17 barrow st.,new york city,212-228-0822,continental
la taqueria,2889 mission st.,san francisco,415-285-7117,mexican
imperial fez,2285 peachtree rd.  peachtree battle condominium,atlanta,404/351-0870,mediterranean
dix et sept,181 w. 10th st.,new york,212/645-8023,french
ej's luncheonette,432 sixth ave.,new york city,212-473-5555,diners
fringale,570 fourth st.,san francisco,415-543-0573,french bistro
chan dara,310 n. larchmont blvd.,los angeles,213/467-1052,asian
march,405 e. 58th st.,new york city,212-754-6272,american (new)
s.p.q.r,133 mulberry st.  between hester and grand sts.,new york,212/925-3120,italian
mani's bakery & espresso bar,519 s. fairfax ave.,la,213-938-8800,desserts
bugsy's diner,3555 las vegas blvd. s,las vegas,702/733-3111,coffee shops/diners
20 mott,20 mott st.  between bowery and pell st.,new york,212/964-0380,asian
toulouse,b peachtree rd.,atlanta,404/351-9533,french
pink's famous chili dogs,709 n. la brea ave.,la,213-931-4223,hot dogs
verbena,54 irving pl. at 17th st.,new york,212/260-5454,american
bone's restaurant,3130 piedmont rd. ne,atlanta,404-237-2663,steakhouses
island spice,402 w. 44th st.,new york city,212-765-1737,caribbean
des alpes,732 broadway,san francisco,415/788-9900,french
tomtom,3393 peachtree rd.,atlanta,404/264-1163,continental
tavola calda,7371 melrose ave.,los angeles,213/658-6340,italian
four seasons grill room,99 e. 52nd st.,new york,212/754-9494,american
center stage plaza hotel,1 main st.,las vegas,702/386-2512,american
alain rondelli,126 clement st.,san francisco,415/387-0408,french
remi,3rd st. promenade,santa monica,310/393-6545,italian
zarzuela,2000 hyde st.,san francisco,415/346-0800,mexican/latin american/spanish
bertolini's,3570 las vegas blvd. s,las vegas,702/735-4663,italian
cha cha cha,656 n. virgil ave.,los angeles,213/664-7723,caribbean
lutece,249 e. 50th st.,new york,212/752-2225,french
la grenouille,3 e. 52nd st.,new york city,212-752-1495,french (classic)
second avenue deli,156 second ave.,new york city,212-677-0606,delis
smith & wollensky,797 third ave.,new york city,212-753-1530,steakhouses
tommy's,2575 beverly blvd.,la,213-389-9060,hamburgers
alamo,304 e. 48th st.,new york,212/ 759-0590,mexican
clearwater cafe,168 w. colorado blvd.,los angeles,818/356-0959,health food
arnie morton's of chicago,435 s. la cienega blv.,los angeles,310/246-1501,american
sally's cafe & bakery,300 de haro st.,san francisco,415-626-6006,american
parioli romanissimo,24 e. 81st st.,new york,212/288-2391,italian
stick to your ribs,5-16 51st ave.,queens,718-937-3030,bbq
lattanzi ristorante,361 w. 46th st.,new york,212/315-0980,italian
brent's deli,19565 parthenia ave.,northridge,818-886-5679,delis
tavern on the green,in central park at 67th st.,new york,212/873-3200,american
the mandarin,430 n. camden dr.,los angeles,310/859-0926,asian
jiraffe,502 santa monica blvd,santa monica,310-917-6671,californian
second avenue deli,156 2nd ave. at 10th st.,new york,212/677-0606,delicatessen
border grill,4th st.,los angeles,310/451-1655,mexican
le soleil,133 clement st.,san francisco,415/668-4848,asian
cypress club,500 jackson st.,san francisco,415/296-8555,american
west,63rd street steakhouse 44 w. 63rd st.,new york,212/246-6363,american
schatzi on main,3110 main st.,los angeles,310/399-4800,continental
caffe dante,81 macdougal st.  between houston and bleeker sts.,new york,212/982-5275,coffee bar
harris',2100 van ness ave.,san francisco,415/673-1888,steak houses
steak house,2880 las vegas blvd. s,las vegas,702/734-0410,steak houses
palio d'asti,640 sacramento st.,san francisco,415/395-9800,italian
broiler,4111 boulder hwy.,las vegas,702/432-7777,american
tre visi,3799 las vegas blvd. s.,las vegas,702-891-7331,italian
scala's bistro,432 powell st.,san francisco,415/395-8555,italian
global,33 93 2nd ave.  between 5th and 6th sts.,new york,212/477-8427,american
posto,14928 ventura blvd.,sherman oaks,818/784-4400,italian
macarthur park,607 front st.,san francisco,415/398-5700,american
bruno,240 e. 58th st.,new york,212/688-4190,italian
motown cafe,104 w. 57th st.  near 6th ave.,new york,212/581-8030,american
ct,111 e. 22nd st.  between park ave. s and lexington ave.,new york,212/995-8500,french
fat matt's rib shack,1811 piedmont ave.  near cheshire bridge rd.,atlanta,404/607-1622,barbecue
21 club,21 w. 52nd st.,new york,212/582-7200,american
felix,340 w. broadway at grand st.,new york,212/431-0021,french
grand ticino,228 thompson st.  between w. 3rd and bleecker sts.,new york,212/777-5922,italian
pamplemousse,400 e. sahara ave.,las vegas,702/733-2066,continental
nate 'n' al's,414 n. beverly dr.,los angeles,310/274-0101,american
cafe claude,7 claude ln.,san francisco,415-392-3505,french bistro
wa-ha-ka oaxaca mexican grill,2141 polk st.,san francisco,415-775-1055,mexican
edison cafe,228 w. 47th st.,new york city,212-840-5000,diners
picholine,35 w. 64th st.,new york city,212-724-8585,mediterranean
carnegie deli,854 seventh ave.,new york city,212-757-2245,delis
original pancake house (at),4330 peachtree rd.,atlanta,404-237-4116,american
atlanta fish market,265 pharr rd.,atlanta,404/262-3165,american
oceana,55 e. 54th st.,new york,212/759-5941,seafood
post house,28 e. 63rd st.,new york,212/935-2888,american
harry denton's,161 steuart st.,san francisco,415/882-1333,american
cafe sunflower,5975 roswell rd.,atlanta,404-256-1675,health food
rumpus,1 tillman pl.,san francisco,415/421-2300,american
pane e vino,3011 steiner st.,san francisco,415/346-2111,italian
ritz-carlton cafe (buckhead),3434 peachtree rd. ne,atlanta,404-237-2700,american (new)
boonthai,1393a 2nd ave.  between 72nd and 73rd sts.,new york,212/249-8484,asian
veniero's pasticceria,342 e. 11th st.  near 1st ave.,new york,212/674-7264,coffee bar
carmine's,2450 broadway,new york city,212-362-2200,italian
bill's place,2315 clement st.,san francisco,415-221-5262,hamburgers
abruzzi,2355 peachtree rd. ne,atlanta,404-261-8186,italian
smith & wollensky,201 e. 49th st.,new york,212/753-1530,american
parkway grill,510 s. arroyo pkwy.,pasadena,818-795-1001,californian
sam's noodle shop,411 third ave.,new york city,212-213-2288,chinese
toulouse,293-b peachtree rd.,atlanta,404-351-9533,french (new)
pho hoa,642 broadway,chinatown,213-626-5530,vietnamese
aureole,34 e. 61st st.,new york,212/ 319-1660,american
docks,633 3rd ave. at 40th st.,new york,212/ 986-8080,seafood
remi,145 w. 53rd st.,new york,212/581-4242,italian
phnom penh cambodian restaurant,631 larkin st.,san francisco,415-775-5979,cambodian
sylvia's,328 lenox ave.,new york city,212-996-0660,southern/soul
caffe reggio,119 macdougal st.  between 3rd and bleecker sts.,new york,212/475-9557,coffee bar
fiorello's roman cafe,1900 broadway  between 63rd and 64th sts.,new york,212/595-5330,italian
chopstix,4279 roswell rd.,atlanta,404-255-4868,chinese
second street grille,200 e. fremont st.,las vegas,702/385-3232,seafood
teresa's,103 1st ave.  between 6th and 7th sts.,new york,212/228-0604,east european
golden unicorn,18 e. broadway at catherine st.,new york,212/ 941-0911,asian
ocean park cafe,3117 ocean park blvd.,santa monica,310-452-5728,american
palace court,3570 las vegas blvd. s.,las vegas,702-731-7110,french (new)
le gamin,50 macdougal st.  between houston and prince sts.,new york,212/254-4678,coffee bar
annie's thai castle,3195 roswell rd.,atlanta,404/264-9546,asian
ocean avenue,1401 ocean ave.,santa monica,310/394-5669,american
caffe lure,169 sullivan st.  between houston and bleecker sts.,new york,212/473-2642,french
grill  the,9560 dayton way,beverly hills,310-276-0615,american (traditional)
mary mac's tea room,224 ponce de leon ave.,atlanta,404/876-1800,southern
rainbow restaurant,2118 n. decatur rd.,decatur,404-633-3538,vegetarian
cafe botanica,160 central park s,new york,212/484-5120,french
l'auberge,1191 1st ave.  between 64th and 65th sts.,new york,212/288-8791,middle eastern
havana sandwich shop,2905 buford hwy.,atlanta,404-636-4094,cuban
citrus,6703 melrose ave.,los angeles,213/857-0034,californian
lola,30 west 22nd st.  between 5th and 6th ave.,new york,212/675-6700,american
lucky strike,59 grand st.  between wooster st. and w. broadway,new york,212/941-0479,or 212/941-0772 american
bouterin,420 e. 59th st.  off 1st ave.,new york,212/758-0323,french
firehouse,522 columbus ave.  between 85th and 86th sts.,new york,212/595-3139,american
le chardonnay (los angeles),8284 melrose ave.,los angeles,213-655-8880,french bistro
sparks steak house,210 e. 46th st.,new york city,212-687-4855,steakhouses
indigo coastal grill,1397 n. highland ave.,atlanta,404-876-0676,eclectic
bistro,3400 las vegas blvd. s,las vegas,702/791-7111,continental
rex il ristorante,617 s. olive st.,los angeles,213/627-2300,italian
nikolai's roof,255 courtland st.,atlanta,404-221-6362,continental
ed debevic's,134 n. la cienega,los angeles,310/659-1952,american
cucina della fontana,368 bleecker st.,new york city,212-242-0636,italian
gaylord's,ghirardelli sq.,san francisco,415/771-8822,asian
bruno's,3838 centinela ave.,mar vista,310-397-5703,italian
moustache,405 atlantic ave.,brooklyn,718-852-5555,middle eastern
brasserie le coze,3393 peachtree rd.  lenox square mall  near neiman marcus,atlanta,404/266-1440,french
agrotikon,322 e. 14 st.  between 1st and 2nd aves.,new york,212/473-2602,mediterranean
emeril's new orleans fish house,3799 las vegas blvd. s.,las vegas,702-891-7374,seafood
granita,23725 w. malibu rd.,malibu,310-456-0488,californian
tavern on the green,central park west,new york city,212-873-3200,american (new)
caffe roma,385 broome st. at mulberry,new york,212/226-8413,coffee bar
joss,9255 sunset blvd.,los angeles,310/276-1886,asian
zankou chicken,1415 e. colorado st.,glendale,818-244-1937,middle eastern
white house restaurant,3172 peachtree rd. ne,atlanta,404-237-7601,diners
aqua,252 california st.,san francisco,415/956-9662,seafood
san domenico,240 central park s.,new york city,212-265-5959,italian
bamboo garden,4850 flamingo rd.,las vegas,702/871-3262,asian
dining room  ritz-carlton  buckhead,3434 peachtree rd.,atlanta,404/237-2700,international
billy's,948 1st ave.  between 52nd and 53rd sts.,new york,212/753-1870,american
diaghilev,1020 n. san vicente blvd.,w. hollywood,310-854-1111,russian
afghan kebab house,764 ninth ave.,new york city,212-307-1612,afghan
suppenkuche,601 hayes st.,san francisco,415/252-9289,russian/german
kabuto sushi,5116 geary blvd.,san francisco,415/752-5652,asian
chevys,4th and howard sts.,san francisco,415/543-8060,mexican/latin american/spanish
luna si,1931 peachtree rd.,atlanta,404/355-5993,continental
mario's bohemian cigar store cafe,2209 polk st.,san francisco,415-776-8226,italian
yujean kang's,67 n. raymond ave.,pasadena,818-585-0855,chinese
stefano's,129 fremont st.,las vegas,702-385-7111,italian
buckhead diner,3073 piedmont rd.,atlanta,404-262-3336,american (new)
la fonda latina,4427 roswell rd.,atlanta,404-303-8201,spanish
la grotta,2637 peachtree rd. ne,atlanta,404-231-1368,italian
granita,23725 w. malibu rd.,malibu,310/456-0488,californian
hsu's gourmet,192 peachtree center ave.  at international blvd.,atlanta,404/659-2788,asian
aquavit,13 w. 54th st.,new york,212/307-7311,continental
cha cha cha's,1805 haight st.,san francisco,415-386-5758,caribbean
hugo's cellar,202 e. fremont st.,las vegas,702-385-4011,continental
little szechuan,c buford hwy.  northwoods plaza  doraville,atlanta,770/451-0192,asian
katia's,600 5th ave.,san francisco,415/668-9292,
two two two,222 w. 79th st.,new york,212/799-0400,american
west beach cafe,60 n. venice blvd.,los angeles,310/823-5396,american
buca giovanni,800 greenwich st.,san francisco,415/776-7766,italian
barney greengrass,9570 wilshire blvd.,beverly hills,310/777-5877,american
locanda veneta,3rd st.,los angeles,310/274-1893,italian
kokomo cafe,6333 w. third st.,la,213-933-0773,american
pen & pencil,205 e. 45th st.,new york,212/682-8660,american
fujiyama mama,467 columbus ave.  between 82nd and 83rd sts.,new york,212/769-1144,asian
broadway deli,3rd st. promenade,santa monica,310/451-0616,american
pinot bistro,12969 ventura blvd.,studio city,818-990-0500,french bistro
zab-e-lee,4837 old national hwy.,college park,404-768-2705,thai
hi-life restaurant and lounge,1340 1st ave. at 72nd st.,new york,212/249-3600,american
tapika,950 8th ave. at 56th st.,new york,212/ 397-3737,american
cafe flore,2298 market st.,san francisco,415-621-8579,californian
lemongrass grill,61a seventh ave.,brooklyn,718-399-7100,thai
killer shrimp,4000 colfax ave.,studio city,818-508-1570,seafood
cafe claude,7 claude la.,san francisco,415/392-3505,french
marnie's noodle shop,466 hudson st.,new york city,212-741-3214,asian
palm too,840 second ave.,new york city,212-697-5198,steakhouses
coco loco,40  buckhead crossing mall on the sidney marcus blvd.,atlanta,404/364-0212,caribbean
campo santo,240 columbus ave.,san francisco,415-433-9623,mexican
andre's french restaurant,401 s. 6th st.,las vegas,702-385-5016,french (classic)
caffe greco,423 columbus ave.,san francisco,415-397-6261,continental
georgia grille,2290 peachtree rd.  peachtree square shopping center,atlanta,404/352-3517,american
north india,3131 webster st.,san francisco,415/931-1556,asian
bone's,3130 piedmont road,atlanta,404/237-2663,american
hyde street bistro,1521 hyde st.,san francisco,415/441-7778,italian
moose's,1652 stockton st.,san francisco,415/989-7800,mediterranean
cafe '50s,838 lincoln blvd.,venice,310-399-1955,american
rainbow room,30 rockefeller plaza,new york city,212-632-5000,american (new)
beaurivage,26025 pacific coast hwy.,malibu,310/456-5733,french
house of chan,2469 cobb pkwy.,smyrna,770-955-9444,chinese
park avenue cafe (new york city),100 e. 63rd st.,new york city,212-644-1900,american (new)
montien,1134 1st ave.   between 62nd and 63rd sts.,new york,212/421-4433,asian
milan cafe and coffee bar,120 w. 23rd st.,new york,212/807-1801,coffee bar
greens,bldg. a fort mason,san francisco,415/771-6222,vegetarian
seryna,11 e. 53rd st.,new york city,212-980-9393,japanese
cafe lalo,201 w. 83rd st.,new york city,212-496-6031,coffeehouses
bacchanalia,3125 piedmont rd.,atlanta,404-365-0410,californian
le perigord,405 e. 52nd st.,new york,212/755-6244,french
majestic,1031 ponce de leon ave.,atlanta,404-875-0276,diners
khan toke thai house,5937 geary blvd.,san francisco,415-668-6654,thai
piero's restaurant,355 convention center dr.,las vegas,702-369-2305,italian
duke's,8909 sunset blvd.,w. hollywood,310-652-3100,coffee shops
campanile,624 s. la brea ave.,los angeles,213/938-1447,american
swan oyster depot,1517 polk st.,san francisco,415-673-1101,seafood
pinot bistro,12969 ventura blvd.,los angeles,818/990-0500,french
sal anthony's,55 irving pl.,new york,212/982-9030,italian
jackson's farm,439 n. beverly drive,los angeles,310/273-5578,californian
bolo,23 e. 22nd st.,new york,212/228-2200,mediterranean
jody maroni's sausage kingdom,2011 ocean front walk,venice,310-306-1995,hot dogs
bizou,598 fourth st.,san francisco,415/543-2222,french
pastis,1015 battery st.,san francisco,415/391-2555,french
stars,150 redwood alley,san francisco,415/861-7827,american
nicola,601 s. figueroa st.,los angeles,213/485-0927,american
bar anise,1022 3rd ave.  between 60th and 61st sts.,new york,212/355-1112,mediterranean
marichu,342 e. 46th st.  between 1st and 2nd aves.,new york,212/370-1866,french
bacchanalia,3125 piedmont rd.  near peachtree rd.,atlanta,404/365-0410,international
joe's shanghai,9 pell st.,queens,718-539-3838,chinese
yama,122 e. 17th st.,new york city,212-475-0969,japanese
empress court,3570 las vegas blvd. s,las vegas,702/731-7888,asian
xunta,174 1st ave.  between 10th and 11th sts.,new york,212/614-0620,mediterranean
tillerman  the,2245 e. flamingo rd.,las vegas,702-731-4036,steakhouses
tillerman,2245 e. flamingo rd.,las vegas,702/731-4036,seafood
johnny rockets (la),7507 melrose ave.,la,213-651-3361,american
flying biscuit  the,1655 mclendon ave.,atlanta,404-687-8888,eclectic
elias corner,24-02 31st st.,queens,718-932-1510,greek
f. ille ponte ristorante,39 desbrosses st.  near west st.,new york,212/226-4621,italian
spring street natural restaurant & bar,62 spring st. at lafayette st.,new york,212/966-0290,american
capsouto freres,451 washington st.  near watts st.,new york,212/966-4900,french
veni vidi vici,41 14th st.,atlanta,404/875-8424,italian
sign of the dove,1110 third ave.,new york city,212-861-8080,american (new)
lombardi's,32 spring st.,new york city,212-941-7994,pizza
mccormick & kuleto's,ghirardelli sq.,san francisco,415/929-1730,seafood
second street grill,200 e. fremont st.,las vegas,702-385-6277,pacific rim
soto,3330 piedmont rd.,atlanta,404-233-2005,japanese
campton place,340 stockton st.,san francisco,415-955-5555,american (new)
millennium,246 mcallister st.,san francisco,415/487-9800,vegetarian
tommy tang's,7313 melrose ave.,los angeles,213/937-5733,asian
anche vivolo,222 e. 58th st.  between 2nd and 3rd aves.,new york,212/308-0112,italian
le jardin,25 cleveland pl.  near spring st.,new york,212/343-9599,french
sign of the dove,1110 3rd ave. at 65th st.,new york,212/861-8080,american
ritz-carlton restaurant,181 peachtree st.,atlanta,404-659-0400,french (classic)
fringale,570 4th st.,san francisco,415/543-0573,french
penang soho,109 spring st.  between greene and mercer sts.,new york,212/274-8883,asian
el cholo,1121 s. western ave.,los angeles,213/734-2773,mexican
marquet patisserie,15 e. 12th st.  between 5th ave. and university pl.,new york,212/229-9313,coffee bar
wollensky's grill,205 e. 49th st.,new york city,212-753-0444,steakhouses
uncle nick's,747 ninth ave.,new york city,212-245-7992,greek
vivande ristorante,670 golden gate ave.,san francisco,415/673-9245,italian
le marais,150 w. 46th st.,new york,212/869-0900,american
la cachette,10506 little santa monica blvd.,century city,310-470-4992,french (new)
jan's family restaurant,8424 beverly blvd.,la,213-651-2866,coffee shops
103 west,103 w. paces ferry rd.,atlanta,404-233-5993,continental
postrio,545 post st.,san francisco,415-776-7825,californian
yaya cuisine,1220 9th ave.,san francisco,415/566-6966,greek and middle eastern
baker's cajun cafe,1134 euclid ave.,atlanta,404-223-5039,cajun/creole
brighton coffee shop,9600 brighton way,beverly hills,310-276-7732,coffee shops
bobby & june's kountry kitchen,375 14th st.,atlanta,404-876-3872,southern/soul
south park cafe,108 south park,san francisco,415/495-7275,french
kelley & ping,127 greene st.,new york city,212-228-1212,pan-asian
kelly's on trinity,333 bush st.,san francisco,415-362-4454,californian
jimmy sung's,219 e. 44th st.  between 2nd and 3rd aves.,new york,212/682-5678,asian
doidge's,2217 union st.,san francisco,415-921-2149,american
holt bros. bar-b-q,6359 jimmy carter blvd.  at buford hwy.  norcross,atlanta,770/242-3984,barbecue
pinot hollywood,1448 n. gower st.,los angeles,213/461-8800,californian
uncle bill's pancake house,1305 highland ave.,manhattan beach,310-545-5177,diners
pomaire,371 w. 46th st.  off 9th ave.,new york,212/ 956-3055,latin american
beesley's of buckhead,260 e. paces ferry road,atlanta,404/264-1334,continental
river cafe,1 water st. at the east river,brooklyn,718/522-5200,american
cafe pinot,700 w. fifth st.,los angeles,213/239-6500,californian
sarabeth's,1295 madison ave.,new york city,212-410-7335,american
maykadeh,470 green st.,san francisco,415/362-8286,greek and middle eastern
hard rock cafe,221 w. 57th st.,new york,212/489-6565,american
la mediterranee,288 noe st.,san francisco,415-431-7210,mediterranean
california pizza kitchen,207 s. beverly dr.,los angeles,310/275-1101,californian
la salsa (la),22800 pch,malibu,310-456-6299,mexican
cafe fes,246 w. 4th st. at charles st.,new york,212/924-7653,mediterranean
belvedere  the,9882 little santa monica blvd.,beverly hills,310-788-2306,pacific new wave
main street,446 columbus ave.  between 81st and 82nd sts.,new york,212/873-5025,american
mayflower cuisinier,4750 w. sahara ave.,las vegas,702-870-8432,chinese
flowers,21 west 17th st.  between 5th and 6th aves.,new york,212/691-8888,american
louise's trattoria,4500 los feliz blvd.,los angeles,213/667-0777,italian
stars cafe,500 van ness ave.,san francisco,415/861-4344,american
the heights,3235 sacramento st.,san francisco,415/474-8890,french
vida,1930 north hillhurst ave.,los feliz,213/660-4446,american
hudson river club,4 world financial center,new york,212/786-1500,american
jean lafitte,68 w. 58th st.,new york,212/751-2323,french
adriano's ristorante,2930 beverly glen circle,los angeles,310/475-9807,italian
palm  the (atlanta),3391 peachtree rd. ne,atlanta,404-814-1955,steakhouses
sushi nozawa,11288 ventura blvd.,studio city,818-508-7017,japanese
the coffee pot,350 9th ave. at 49th st.,new york,212/265-3566,coffee bar
evergreen cafe,1288 1st ave. at 69th st.,new york,212/744-3266,asian
dante's down the hatch  buckhead,3380 peachtree rd.,atlanta,404/266-1600,continental
wu kong,101 spear st.,san francisco,415/957-9300,asian
mo's burgers,1322 grant st.,san francisco,415-788-3779,hamburgers
deacon burton's soulfood restaurant,1029 edgewood ave. se,atlanta,404-523-1929,southern/soul
nicky blair's,3925 paradise rd.,las vegas,702-792-9900,italian
r&g lounge,631 b kearny st.,san francisco,415/982-7877,or 415/982-3811 asian
menchanko-tei,39 w. 55th st.,new york city,212-247-1585,japanese
apple pan  the,10801 w. pico blvd.,west la,310-475-3585,american
kiev,117 second ave.,new york city,212-674-4040,ukrainian
margarita's mexican cantina,3120 las vegas blvd. s,las vegas,702/794-8200,mexican
silver skillet  the,200 14th st. nw,atlanta,404-874-1388,coffee shops
carta,1772 market st.,san francisco,415/863-3516,american
les celebrites,155 w. 58th st.,new york city,212-484-5113,french (classic)
drai's,730 n. la cienega blvd.,los angeles,310/358-8585,french
poquito mas,2635 w. olive ave.,burbank,818-563-2252,mexican
ciboulette restaurant,1529 piedmont ave.,atlanta,404-874-7600,french (new)
pricci,500 pharr rd.,atlanta,404/237-2941,italian
philippe the original,1001 n. alameda st.,chinatown,213-628-3781,cafeterias
binion's coffee shop,128 fremont st.,las vegas,702/382-1600,coffee shops/diners
la grotta,2637 peachtree rd.  peachtree house condominium,atlanta,404/231-1368,italian
bristol farms market cafe,1570 rosecrans ave. s.,pasadena,310-643-5229,californian
monsoon (ny),435 amsterdam ave.,new york city,212-580-8686,thai
kuruma zushi,2nd fl.,new york city,212-317-2802,japanese
lettuce souprise you (at),3525 mall blvd.,duluth,770-418-9969,cafeterias
mesa grill,102 fifth ave.,new york city,212-807-7400,southwestern
viva mercado's,6182 w. flamingo rd.,las vegas,702/871-8826,mexican
dive!,10250 santa monica blvd.,los angeles,310/788-,dive american
cafe marimba,2317 chestnut st.,san francisco,415/776-1506,mexican/latin american/spanish
mo better meatty meat,7261 melrose ave.,la,213-935-5280,hamburgers
sfuzzi,58 w. 65th st.,new york,212/873-3700,american
golden steer,308 w. sahara ave.,las vegas,702/384-4470,steak houses
szechuan kitchen,1460 first ave.,new york city,212-249-4615,chinese
khan toke thai house,5937 geary blvd.,san francisco,415/668-6654,asian
l'udo,432 lafayette st.  near astor pl.,new york,212/388-0978,french
le chantilly,106 e. 57th st.,new york,212/751-2931,french
la caridad,2199 broadway,new york city,212-874-2780,cuban
plumpjack cafe,3127 fillmore st.,san francisco,415-563-4755,american (new)
hotel bel-air,701 stone canyon rd.,bel air,310/472-1211,californian
yoyo tsumami bistro,1611 post st.,san francisco,415/922-7788,french
madame ching's,3300 las vegas blvd. s.,las vegas,702-894-7111,asian
one market,1 market st.,san francisco,415/777-5577,american
capozzoli's,3333 s. maryland pkwy.,las vegas,702/731-5311,italian
gray's papaya,2090 broadway,new york city,212-799-0243,hot dogs
local nochol,30869 thousand oaks blvd.,westlake village,818-706-7706,health food
montrachet,239 w. broadway  between walker and white sts.,new york,212/ 219-2777,french
jackson diner,37-03 74th st.,queens,718-672-1232,indian
cafe adriano,3347 fillmore st.,san francisco,415/474-4180,italian
lincoln tavern,51 w. 64th st.,new york,212/721-8271,american
city grill,50 hurt plaza,atlanta,404/524-2489,international
21 club,21 w. 52nd st.,new york city,212-582-7200,american (new)
patina,5955 melrose ave.,los angeles,213/467-1108,californian
fleur de lys,777 sutter st.,san francisco,415/673-7779,french
chin's,3200 las vegas blvd. s,las vegas,702/733-8899,asian
locanda veneta,8638 w. third st.,los angeles,310-274-1893,italian
thai house cafe,151 hudson st.,new york city,212-334-1085,thai
ca'brea,346 s. la brea ave.,los angeles,213/938-2863,italian
zen palate,34 union sq. e at 16th st.,new york,212/614-9291,and 212/614-9345 asian
il cortile,125 mulberry st.  between canal and hester sts.,new york,212/226-6060,italian
aja,937 broadway at 22nd st.,new york,212/473-8388,american
mavalli palace,46 e. 29th st.,new york,212/679-5535,asian
johnny reb's southern smokehouse,4663 long beach blvd.,long beach,310-423-7327,southern/soul
l'auberge du midi,310 w. 4th st.  between w. 12th and bank sts.,new york,212/242-4705,french
hong kong flower lounge,5322 geary blvd.,san francisco,415/668-8998,asian
bistango,1100 peachtree st.,atlanta,404/724-0901,mediterranean
le montrachet,3000 w. paradise rd.,las vegas,702/732-5111,continental
daniel,20 e. 76th st.,new york,212/288-0033,french
terrace,400 w. 119th st.  between amsterdam and morningside aves.,new york,212/666-9490,continental
baja fresh,3345 kimber dr.,westlake village,805-498-4049,mexican
uncle nick's,747 9th ave.  between 50th and 51st sts.,new york,212/315-1726,mediterranean
emerald garden restaurant,1550 california st.,san francisco,415-673-1155,vietnamese
mi spia dunwoody rd.,park place  across from perimeter mall  dunwoody,atlanta,770/393-1333,italian
dawat,210 e. 58th st.,new york,212/355-7555,asian
fenix,8358 sunset blvd. west,hollywood,213/848-6677,american
buckhead diner,3073 piedmont road,atlanta,404/262-3336,american
spago,1114 horn ave.,los angeles,310/652-4025,californian
aleck's barbecue heaven,783 martin luther king jr. dr.,atlanta,404/525-2062,barbecue
il nido,251 e. 53rd st.,new york,212/753-8450,italian
veni vidi vici,41 14th st.,atlanta,404-875-8424,italian
plumpjack cafe,3201 fillmore st.,san francisco,415/563-4755,mediterranean
cafe lalo,201 w. 83rd st.,new york,212/496-6031,coffee bar
da nico,164 mulberry st.  between grand and broome sts.,new york,212/343-1212,italian
peter luger steak house,178 broadway,brooklyn,718-387-7400,steakhouses
cucina di pesce,87 e. fourth st.,new york city,212-260-6800,seafood
good enough to eat,483 amsterdam ave.,new york city,212-496-0163,american
arturo's,106 w. houston st.  off thompson st.,new york,212/677-3820,italian
rubin's red hots,15322 ventura blvd.,encino,818-905-6515,hot dogs
il fornaio cucina italiana,301 n. beverly dr.,los angeles,310/550-8330,italian
il mulino,86 w. third st.,new york city,212-673-3783,italian
shaan,57 w. 48th st.,new york,212/ 977-8400,asian
sant ambroeus,1000 madison ave.  between 77th and 78th sts.,new york,212/570-2211,coffee bar
tu lan,8 sixth st.,san francisco,415-626-0927,vietnamese
prego,362 n. camden dr.,los angeles,310/277-7346,italian
fleur de lys,777 sutter st.,san francisco,415-673-7779,french (new)
delectables,1 margaret mitchell sq.,atlanta,404-681-2909,cafeterias
mandarin court,1510 e. flamingo rd.,las vegas,702/737-1234,asian
john's pizzeria,48 w. 65th st.,new york city,212-721-7001,pizza
le madri,168 w. 18th st.,new york,212/727-8022,italian
ruby's (la),45 s. fair oaks ave.,pasadena,818-796-7829,diners
tribeca grill,375 greenwich st.  near franklin st.,new york,212/941-3900,american
fiore rotisserie & grille,3700 w. flamingo rd.,las vegas,702-252-7702,italian
petrossian,182 w. 58th st.,new york city,212-245-2214,russian
2223,2223 market st.,san francisco,415/431-0692,american
l'absinthe,227 e. 67th st.,new york,212/794-4950,french
arnie morton's of chicago,435 s. la cienega blvd.,los angeles,310-246-1501,steakhouses
indian delights,3675 satellite blvd.,duluth,100-813-8212,indian
the bacchanal,3570 las vegas blvd. s,las vegas,702/731-7525,only in las vegas
la cote basque,60 w. 55th st.  between 5th and 6th ave.,new york,212/688-6525,french
hawthorne lane,22 hawthorne st.,san francisco,415-777-9779,californian
philippe's the original,1001 n. alameda st.,los angeles,213/628-3781,american
michael's (las vegas),3595 las vegas blvd. s.,las vegas,702-737-7111,continental
french quarter food shop,923 peachtree st.  at 8th st.,atlanta,404/875-2489,southern
odeon,145 w. broadway at thomas st.,new york,212/233-0507,american
san pietro,18 e. 54th st.,new york,212/753-9015,italian
gallagher's,228 w. 52nd st.,new york,212/245-5336,american
manhattan ocean club,57 w. 58th st.,new york city,212-371-7777,seafood
diva,341 w. broadway  near grand st.,new york,212/941-9024,italian
yolie's,3900 paradise rd.,las vegas,702/794-0700,steak houses
empire korea,6 e. 32nd st.,new york,212/725-1333,asian
monte carlo,3145 las vegas blvd. s.,las vegas,702-733-4524,french (new)
drago,2628 wilshire blvd.,santa monica,310/828-1585,italian
citrus,6703 melrose ave.,los angeles,213-857-0034,californian
cafe pierre,2 e. 61st st.,new york,212/940-8185,french
kuleto's,221 powell st.,san francisco,415/397-7720,italian
joe allen,326 w. 46th st.,new york,212/581-6464,american
roscoe's house of chicken 'n' waffles,1514 n. gower st.,los angeles,213/466-9329,american
heera of india,595 piedmont ave.  rio shopping mall,atlanta,404/876-4408,asian
slanted door,584 valencia st.,san francisco,415-861-8032,vietnamese
asahi ramen,2027 sawtelle blvd.,west la,310-479-2231,noodle shops
vince & eddie's,70 w. 68th st.,new york,212/721-0068,american
la cumbre,515 valencia st.,san francisco,415-863-8205,mexican
colonnade restaurant,1879 cheshire bridge rd.,atlanta,404/874-5642,southern
dynasty room,930 hilgard ave.,los angeles,310/208-8765,continental
acquarello,1722 sacramento st.,san francisco,415/567-5432,italian
venetian,3713 w. sahara ave.,las vegas,702/876-4190,italian
martha's,22nd street grill 25 22nd,st. hermosa beach,310-376-7786,american
alain rondelli,126 clement st.,san francisco,415-387-0408,french (new)
steakhouse  the,128 e. fremont st.,las vegas,702-382-1600,steakhouses
r-23,923 e. third st.,los angeles,213-687-7178,japanese
triangolo,345 e. 83rd st.,new york,212/472-4488,italian
la serenata de garibaldi,1842 e. first,st. boyle hts.,213-265-2887,mexican/tex-mex
horseradish grill,4320 powers ferry rd.,atlanta,404/255-7277,southern
carnegie deli,854 7th ave.  between 54th and 55th sts.,new york,212/757-2245,delicatessen
trattoria dell'arte,900 7th ave.  between 56th and 57th sts.,new york,212/245-9800,italian
ralph's diner,3000 las vegas blvd. s,las vegas,702/732-6330,coffee shops/diners
patsy's pizza,19 old fulton st.,brooklyn,718-858-4300,pizza
jack sprat's grill,10668 w. pico blvd.,los angeles,310/837-6662,health food
katsu,1972 hillhurst ave.,los feliz,213-665-1891,japanese
cafe la fortuna,69 w. 71st st.,new york,212/724-5846,coffee bar
seventh regiment mess and bar,643 park ave. at 66th st.,new york,212/744-4107,american
delectables,1 margaret mitchell sq.,atlanta,404/681-2909,american
swingers,8020 beverly blvd.,los angeles,213/653-5858,american
aqua,252 california st.,san francisco,415-956-9662,american (new)
jewel of india,15 w. 44th st.,new york,212/869-5544,asian
harold's barbecue,171 mcdonough blvd.,atlanta,404-627-9268,bbq
manila garden,325 e. 14th st.  between 1st and 2nd aves.,new york,212/777-6314,asian
abbey,163 ponce de leon ave.,atlanta,404/876-8532,international
el teddy's,219 w. broadway  between franklin and white sts.,new york,212/941-7070,mexican
buzio's in the rio,3700 w. flamingo rd.,las vegas,702-252-7697,seafood
bryant park grill  roof restaurant and bp cafe,25 w. 40th st.  between 5th and 6th aves.,new york,212/840-6500,american
don antonio's,1136 westwood blvd.,westwood,310-209-1422,italian
union square cafe,21 e. 16th st.,new york,212/243-4020,american
falafel king,1059 broxton ave.,westwood,310-208-4444,middle eastern
montrachet,239 w. broadway,new york city,212-219-2777,french bistro
halcyon,151 w. 54th st.  in the rihga royal hotel,new york,212/468-8888,american
lespinasse (new york city),2 e. 55th st.,new york city,212-339-6719,asian
serendipity,3 225 e. 60th st.,new york,212/838-3531,american
chiam,160 e. 48th st.,new york,212/371-2323,asian
mifune japan center  kintetsu building,1737 post st.,san francisco,415/922-0337,asian
sweet'n'tart cafe,76 mott st. at canal st.,new york,212/334-8088,asian
shun lee palace,155 e. 55th st.,new york city,212-371-8844,chinese
pacific pan pacific hotel,500 post st.,san francisco,415/929-2087,french
restaurant katsu,1972 n. hillhurst ave.,los angeles,213/665-1891,asian
rae's,2901 pico blvd.,santa monica,310-828-7937,diners
gotham bar & grill,12 e. 12th st.,new york city,212-620-4020,american (new)
picholine,35 w. 64th st.,new york,212/724-8585,mediterranean
rj's the rib joint,252 n. beverly dr.,los angeles,310/274-7427,american
trio cafe,1870 fillmore st.,san francisco,415-563-2248,american
patria,250 park ave. s at 20th st.,new york,212/777-6211,latin american
park avenue cafe,100 e. 63rd st.,new york,212/644-1900,american
