name,addr,city,phone,type,cluster_label,is_outlier
arnie morton's of chicago,435 s. la cienega blv.,los angeles,310/246-1501,american,0,False
arnie morton's of chicago,435 s. la cienega blvd.,los angeles,310-246-1501,steakhouses,0,False
art's delicatessen,12224 ventura blvd.,studio city,818/762-1221,american,1,False
art's deli,12224 ventura blvd.,studio city,818-762-1221,delis,1,False
hotel bel-air,701 stone canyon rd.,bel air,310/472-1211,californian,2,False
bel-air hotel,701 stone canyon rd.,bel air,310-472-1211,californian,2,False
cafe bizou,14016 ventura blvd.,sherman oaks,818/788-3536,french,3,False
cafe bizou,14016 ventura blvd.,sherman oaks,818-788-3536,french bistro,3,False
campanile,624 s. la brea ave.,los angeles,213/938-1447,american,0,False
campanile,624 s. la brea ave.,los angeles,213-938-1447,californian,0,False
chinois on main,2709 main st.,santa monica,310/392-9025,french,4,False
chinois on main,2709 main st.,santa monica,310-392-9025,pacific new wave,4,False
citrus,6703 melrose ave.,los angeles,213/857-0034,californian,0,False
citrus,6703 melrose ave.,los angeles,213-857-0034,californian,0,False
fenix,8358 sunset blvd. west,hollywood,213/848-6677,american,-1,True
fenix at the argyle,8358 sunset blvd.,w. hollywood,213-848-6677,french (new),-1,True
granita,23725 w. malibu rd.,malibu,310/456-0488,californian,5,False
granita,23725 w. malibu rd.,malibu,310-456-0488,californian,5,False
grill on the alley,9560 dayton way,los angeles,310/276-0615,american,0,False
grill  the,9560 dayton way,beverly hills,310-276-0615,american (traditional),-1,True
restaurant katsu,1972 n. hillhurst ave.,los angeles,213/665-1891,asian,6,False
katsu,1972 hillhurst ave.,los feliz,213-665-1891,japanese,-1,True
l'orangerie,903 n. la cienega blvd.,los angeles,310/652-9770,french,7,False
l'orangerie,903 n. la cienega blvd.,w. hollywood,310-652-9770,french (classic),7,False
le chardonnay,8284 melrose ave.,los angeles,213/655-8880,french,7,False
le chardonnay (los angeles),8284 melrose ave.,los angeles,213-655-8880,french bistro,7,False
locanda veneta,3rd st.,los angeles,310/274-1893,italian,8,False
locanda veneta,8638 w. third st.,los angeles,310-274-1893,italian,8,False
matsuhisa,129 n. la cienega blvd.,beverly hills,310/659-9639,asian,9,False
matsuhisa,129 n. la cienega blvd.,beverly hills,310-659-9639,seafood,9,False
the palm,9001 santa monica blvd.,los angeles,310/550-8811,american,0,False
palm  the (los angeles),9001 santa monica blvd.,w. hollywood,310-550-8811,steakhouses,-1,True
patina,5955 melrose ave.,los angeles,213/467-1108,californian,0,False
patina,5955 melrose ave.,los angeles,213-467-1108,californian,0,False
philippe's the original,1001 n. alameda st.,los angeles,213/628-3781,american,0,False
philippe the original,1001 n. alameda st.,chinatown,213-628-3781,cafeterias,-1,True
pinot bistro,12969 ventura blvd.,los angeles,818/990-0500,french,7,False
pinot bistro,12969 ventura blvd.,studio city,818-990-0500,french bistro,7,False
rex il ristorante,617 s. olive st.,los angeles,213/627-2300,italian,8,False
rex il ristorante,617 s. olive st.,los angeles,213-627-2300,nuova cucina italian,8,False
spago,1114 horn ave.,los angeles,310/652-4025,californian,0,False
spago (los angeles),8795 sunset blvd.,w. hollywood,310-652-4025,californian,-1,True
valentino,3115 pico blvd.,santa monica,310/829-4313,italian,10,False
valentino,3115 pico blvd.,santa monica,310-829-4313,italian,10,False
yujean kang's gourmet chinese cuisine,67 n. raymond ave.,los angeles,818/585-0855,asian,6,False
yujean kang's,67 n. raymond ave.,pasadena,818-585-0855,chinese,-1,True
21 club,21 w. 52nd st.,new york,212/582-7200,american,0,False
21 club,21 w. 52nd st.,new york city,212-582-7200,american (new),0,False
aquavit,13 w. 54th st.,new york,212/307-7311,continental,11,False
aquavit,13 w. 54th st.,new york city,212-307-7311,scandinavian,11,False
aureole,34 e. 61st st.,new york,212/ 319-1660,american,0,False
aureole,34 e. 61st st.,new york city,212-319-1660,american (new),0,False
cafe lalo,201 w. 83rd st.,new york,212/496-6031,coffee bar,12,False
cafe lalo,201 w. 83rd st.,new york city,212-496-6031,coffeehouses,12,False
cafe des artistes,1 w. 67th st.,new york,212/877-3500,continental,11,False
cafe des artistes,1 w. 67th st.,new york city,212-877-3500,french (classic),11,False
carmine's,2450 broadway  between 90th and 91st sts.,new york,212/362-2200,italian,10,False
carmine's,2450 broadway,new york city,212-362-2200,italian,10,False
carnegie deli,854 7th ave.  between 54th and 55th sts.,new york,212/757-2245,delicatessen,13,False
carnegie deli,854 seventh ave.,new york city,212-757-2245,delis,14,False
chanterelle,2 harrison st.  near hudson st.,new york,212/966-6960,american,0,False
chanterelle,2 harrison st.,new york city,212-966-6960,french (new),11,False
daniel,20 e. 76th st.,new york,212/288-0033,french,11,False
daniel,20 e. 76th st.,new york city,212-288-0033,french (new),11,False
dawat,210 e. 58th st.,new york,212/355-7555,asian,6,False
dawat,210 e. 58th st.,new york city,212-355-7555,indian,6,False
felidia,243 e. 58th st.,new york,212/758-1479,italian,10,False
felidia,243 e. 58th st.,new york city,212-758-1479,italian,10,False
four seasons grill room,99 e. 52nd st.,new york,212/754-9494,american,0,False
four seasons,99 e. 52nd st.,new york city,212-754-9494,american (new),0,False
gotham bar & grill,12 e. 12th st.,new york,212/620-4020,american,0,False
gotham bar & grill,12 e. 12th st.,new york city,212-620-4020,american (new),0,False
gramercy tavern,42 e. 20th st.  between park ave. s and broadway,new york,212/477-0777,american,0,False
gramercy tavern,42 e. 20th st.,new york city,212-477-0777,american (new),0,False
island spice,402 w. 44th st.,new york,212/765-1737,tel caribbean,15,False
island spice,402 w. 44th st.,new york city,212-765-1737,caribbean,15,False
jo jo,160 e. 64th st.,new york,212/223-5656,american,0,False
jo jo,160 e. 64th st.,new york city,212-223-5656,french bistro,0,False
la caravelle,33 w. 55th st.,new york,212/586-4252,french,11,False
la caravelle,33 w. 55th st.,new york city,212-586-4252,french (classic),11,False
la cote basque,60 w. 55th st.  between 5th and 6th ave.,new york,212/688-6525,french,11,False
la cote basque,60 w. 55th st.,new york city,212-688-6525,french (classic),11,False
le bernardin,155 w. 51st st.,new york,212/489-1515,french,11,False
le bernardin,155 w. 51st st.,new york city,212-489-1515,seafood,11,False
les celebrites,160 central park s,new york,212/484-5113,french,11,False
les celebrites,155 w. 58th st.,new york city,212-484-5113,french (classic),11,False
lespinasse,2 e. 55th st.,new york,212/339-6719,american,0,False
lespinasse (new york city),2 e. 55th st.,new york city,212-339-6719,asian,16,False
lutece,249 e. 50th st.,new york,212/752-2225,french,11,False
lutece,249 e. 50th st.,new york city,212-752-2225,french (classic),11,False
manhattan ocean club,57 w. 58th st.,new york,212/ 371-7777,seafood,11,False
manhattan ocean club,57 w. 58th st.,new york city,212-371-7777,seafood,11,False
march,405 e. 58th st.,new york,212/754-6272,american,0,False
march,405 e. 58th st.,new york city,212-754-6272,american (new),0,False
mesa grill,102 5th ave.  between 15th and 16th sts.,new york,212/807-7400,american,0,False
mesa grill,102 fifth ave.,new york city,212-807-7400,southwestern,-1,True
mi cocina,57 jane st.  off hudson st.,new york,212/627-8273,mexican,17,False
mi cocina,57 jane st.,new york city,212-627-8273,mexican,17,False
montrachet,239 w. broadway  between walker and white sts.,new york,212/ 219-2777,french,11,False
montrachet,239 w. broadway,new york city,212-219-2777,french bistro,0,False
oceana,55 e. 54th st.,new york,212/759-5941,seafood,11,False
oceana,55 e. 54th st.,new york city,212-759-5941,seafood,11,False
park avenue cafe,100 e. 63rd st.,new york,212/644-1900,american,0,False
park avenue cafe (new york city),100 e. 63rd st.,new york city,212-644-1900,american (new),0,False
petrossian,182 w. 58th st.,new york,212/245-2214,french,11,False
petrossian,182 w. 58th st.,new york city,212-245-2214,russian,11,False
picholine,35 w. 64th st.,new york,212/724-8585,mediterranean,18,False
picholine,35 w. 64th st.,new york city,212-724-8585,mediterranean,18,False
pisces,95 ave. a at 6th st.,new york,212/260-6660,seafood,11,False
pisces,95 ave. a,new york city,212-260-6660,seafood,11,False
rainbow room,30 rockefeller plaza,new york,212/632-5000,or 212/632-5100 american,0,False
rainbow room,30 rockefeller plaza,new york city,212-632-5000,american (new),0,False
river cafe,1 water st. at the east river,brooklyn,718/522-5200,american,19,False
river cafe,1 water st.,brooklyn,718-522-5200,american (new),19,False
san domenico,240 central park s,new york,212/265-5959,italian,10,False
san domenico,240 central park s.,new york city,212-265-5959,italian,10,False
second avenue deli,156 2nd ave. at 10th st.,new york,212/677-0606,delicatessen,13,False
second avenue deli,156 second ave.,new york city,212-677-0606,delis,14,False
seryna,11 e. 53rd st.,new york,212/980-9393,asian,6,False
seryna,11 e. 53rd st.,new york city,212-980-9393,japanese,6,False
shun lee west,43 w. 65th st.,new york,212/371-8844,asian,6,False
shun lee palace,155 e. 55th st.,new york city,212-371-8844,chinese,20,False
sign of the dove,1110 3rd ave. at 65th st.,new york,212/861-8080,american,0,False
sign of the dove,1110 third ave.,new york city,212-861-8080,american (new),0,False
smith & wollensky,201 e. 49th st.,new york,212/753-1530,american,0,False
smith & wollensky,797 third ave.,new york city,212-753-1530,steakhouses,21,False
tavern on the green,in central park at 67th st.,new york,212/873-3200,american,0,False
tavern on the green,central park west,new york city,212-873-3200,american (new),0,False
uncle nick's,747 9th ave.  between 50th and 51st sts.,new york,212/315-1726,mediterranean,18,False
uncle nick's,747 ninth ave.,new york city,212-245-7992,greek,-1,True
union square cafe,21 e. 16th st.,new york,212/243-4020,american,0,False
union square cafe,21 e. 16th st.,new york city,212-243-4020,american (new),0,False
virgil's,152 w. 44th st.,new york,212/ 921-9494,american,0,False
virgil's real bbq,152 w. 44th st.,new york city,212-921-9494,bbq,-1,True
chin's,3200 las vegas blvd. s,las vegas,702/733-8899,asian,22,False
chin's,3200 las vegas blvd. s.,las vegas,702-733-8899,chinese,22,False
coyote cafe,3799 las vegas blvd. s,las vegas,702/891-7349,southwestern,22,False
coyote cafe (las vegas),3799 las vegas blvd. s.,las vegas,702-891-7349,southwestern,22,False
le montrachet,3000 w. paradise rd.,las vegas,702/732-5111,continental,22,False
le montrachet bistro,3000 paradise rd.,las vegas,702-732-5651,french bistro,-1,True
palace court,3570 las vegas blvd. s,las vegas,702/731-7547,continental,22,False
palace court,3570 las vegas blvd. s.,las vegas,702-731-7110,french (new),22,False
second street grille,200 e. fremont st.,las vegas,702/385-3232,seafood,22,False
second street grill,200 e. fremont st.,las vegas,702-385-6277,pacific rim,22,False
steak house,2880 las vegas blvd. s,las vegas,702/734-0410,steak houses,22,False
steak house  the,2880 las vegas blvd. s.,las vegas,702-734-0410,steakhouses,22,False
tillerman,2245 e. flamingo rd.,las vegas,702/731-4036,seafood,22,False
tillerman  the,2245 e. flamingo rd.,las vegas,702-731-4036,steakhouses,22,False
abruzzi,2355 peachtree rd.  peachtree battle shopping center,atlanta,404/261-8186,italian,22,False
abruzzi,2355 peachtree rd. ne,atlanta,404-261-8186,italian,22,False
bacchanalia,3125 piedmont rd.  near peachtree rd.,atlanta,404/365-0410,international,23,False
bacchanalia,3125 piedmont rd.,atlanta,404-365-0410,californian,23,False
bone's,3130 piedmont road,atlanta,404/237-2663,american,23,False
bone's restaurant,3130 piedmont rd. ne,atlanta,404-237-2663,steakhouses,24,False
brasserie le coze,3393 peachtree rd.  lenox square mall  near neiman marcus,atlanta,404/266-1440,french,23,False
brasserie le coze,3393 peachtree rd.,atlanta,404-266-1440,french bistro,23,False
buckhead diner,3073 piedmont road,atlanta,404/262-3336,american,23,False
buckhead diner,3073 piedmont rd.,atlanta,404-262-3336,american (new),23,False
ciboulette,1529 piedmont ave.,atlanta,404/874-7600,french,23,False
ciboulette restaurant,1529 piedmont ave.,atlanta,404-874-7600,french (new),23,False
delectables,1 margaret mitchell sq.,atlanta,404/681-2909,american,23,False
delectables,1 margaret mitchell sq.,atlanta,404-681-2909,cafeterias,23,False
georgia grille,2290 peachtree rd.  peachtree square shopping center,atlanta,404/352-3517,american,23,False
georgia grille,2290 peachtree rd.,atlanta,404-352-3517,southwestern,23,False
hedgerose heights inn,490 e. paces ferry rd.,atlanta,404/233-7673,international,23,False
hedgerose heights inn  the,490 e. paces ferry rd. ne,atlanta,404-233-7673,continental,23,False
heera of india,595 piedmont ave.  rio shopping mall,atlanta,404/876-4408,asian,25,False
heera of india,595 piedmont ave.,atlanta,404-876-4408,indian,25,False
indigo coastal grill,1397 n. highland ave.,atlanta,404/876-0676,caribbean,26,False
indigo coastal grill,1397 n. highland ave.,atlanta,404-876-0676,eclectic,26,False
la grotta,2637 peachtree rd.  peachtree house condominium,atlanta,404/231-1368,italian,22,False
la grotta,2637 peachtree rd. ne,atlanta,404-231-1368,italian,22,False
mary mac's tea room,224 ponce de leon ave.,atlanta,404/876-1800,southern,27,False
mary mac's tea room,224 ponce de leon ave.,atlanta,404-876-1800,southern/soul,27,False
nikolai's roof,255 courtland st.  at harris st.,atlanta,404/221-6362,continental,23,False
nikolai's roof,255 courtland st.,atlanta,404-221-6362,continental,23,False
pano's and paul's,1232 w. paces ferry rd.,atlanta,404/261-3662,international,23,False
pano's & paul's,1232 w. paces ferry rd.,atlanta,404-261-3662,american (new),23,False
cafe  ritz-carlton  buckhead,3434 peachtree rd.,atlanta,404/237-2700,ext 6108 international,23,False
ritz-carlton cafe (buckhead),3434 peachtree rd. ne,atlanta,404-237-2700,american (new),23,False
dining room  ritz-carlton  buckhead,3434 peachtree rd.,atlanta,404/237-2700,international,23,False
ritz-carlton dining room (buckhead),3434 peachtree rd. ne,atlanta,404-237-2700,american (new),23,False
restaurant  ritz-carlton  atlanta,181 peachtree st.,atlanta,404/659-0400,continental,23,False
ritz-carlton restaurant,181 peachtree st.,atlanta,404-659-0400,french (classic),23,False
toulouse,b peachtree rd.,atlanta,404/351-9533,french,23,False
toulouse,293-b peachtree rd.,atlanta,404-351-9533,french (new),23,False
veni vidi vici,41 14th st.,atlanta,404/875-8424,italian,22,False
veni vidi vici,41 14th st.,atlanta,404-875-8424,italian,22,False
alain rondelli,126 clement st.,san francisco,415/387-0408,french,28,False
alain rondelli,126 clement st.,san francisco,415-387-0408,french (new),28,False
aqua,252 california st.,san francisco,415/956-9662,seafood,28,False
aqua,252 california st.,san francisco,415-956-9662,american (new),28,False
boulevard,1 mission st.,san francisco,415/543-6084,american,28,False
boulevard,1 mission st.,san francisco,415-543-6084,american (new),28,False
cafe claude,7 claude la.,san francisco,415/392-3505,french,28,False
cafe claude,7 claude ln.,san francisco,415-392-3505,french bistro,28,False
campton place,340 stockton st.,san francisco,415/955-5555,american,28,False
campton place,340 stockton st.,san francisco,415-955-5555,american (new),28,False
chez michel,804 northpoint,san francisco,415/775-7036,french,28,False
chez michel,804 north point st.,san francisco,415-775-7036,californian,28,False
fleur de lys,777 sutter st.,san francisco,415/673-7779,french,28,False
fleur de lys,777 sutter st.,san francisco,415-673-7779,french (new),28,False
fringale,570 4th st.,san francisco,415/543-0573,french,28,False
fringale,570 fourth st.,san francisco,415-543-0573,french bistro,28,False
hawthorne lane,22 hawthorne st.,san francisco,415/777-9779,american,28,False
hawthorne lane,22 hawthorne st.,san francisco,415-777-9779,californian,28,False
khan toke thai house,5937 geary blvd.,san francisco,415/668-6654,asian,28,False
khan toke thai house,5937 geary blvd.,san francisco,415-668-6654,thai,28,False
la folie,2316 polk st.,san francisco,415/776-5577,french,28,False
la folie,2316 polk st.,san francisco,415-776-5577,french (new),28,False
lulu,816 folsom st.,san francisco,415/495-5775,mediterranean,28,False
lulu restaurant-bis-cafe,816 folsom st.,san francisco,415-495-5775,mediterranean,28,False
masa's,648 bush st.,san francisco,415/989-7154,french,28,False
masa's,648 bush st.,san francisco,415-989-7154,french (new),28,False
mifune japan center  kintetsu building,1737 post st.,san francisco,415/922-0337,asian,28,False
mifune,1737 post st.,san francisco,415-922-0337,japanese,28,False
plumpjack cafe,3201 fillmore st.,san francisco,415/563-4755,mediterranean,28,False
plumpjack cafe,3127 fillmore st.,san francisco,415-563-4755,american (new),28,False
postrio,545 post st.,san francisco,415/776-7825,american,28,False
postrio,545 post st.,san francisco,415-776-7825,californian,28,False
ritz-carlton restaurant and dining room,600 stockton st.,san francisco,415/296-7465,american,28,False
ritz-carlton dining room (san francisco),600 stockton st.,san francisco,415-296-7465,french (new),28,False
rose pistola,532 columbus ave.,san francisco,415/399-0499,italian,29,False
rose pistola,532 columbus ave.,san francisco,415-399-0499,italian,29,False
adriano's ristorante,2930 beverly glen circle,los angeles,310/475-9807,italian,8,False
barney greengrass,9570 wilshire blvd.,beverly hills,310/777-5877,american,-1,True
beaurivage,26025 pacific coast hwy.,malibu,310/456-5733,french,-1,True
bistro garden,176 n. canon dr.,los angeles,310/550-3900,californian,0,False
border grill,4th st.,los angeles,310/451-1655,mexican,30,False
broadway deli,3rd st. promenade,santa monica,310/451-0616,american,10,False
ca'brea,346 s. la brea ave.,los angeles,213/938-2863,italian,8,False
ca'del sol,4100 cahuenga blvd.,los angeles,818/985-4669,italian,8,False
cafe pinot,700 w. fifth st.,los angeles,213/239-6500,californian,0,False
california pizza kitchen,207 s. beverly dr.,los angeles,310/275-1101,californian,0,False
canter's,419 n. fairfax ave.,los angeles,213/651-2030.,american,0,False
cava,3rd st.,los angeles,213/658-8898,mediterranean,8,False
cha cha cha,656 n. virgil ave.,los angeles,213/664-7723,caribbean,-1,True
chan dara,310 n. larchmont blvd.,los angeles,213/467-1052,asian,6,False
clearwater cafe,168 w. colorado blvd.,los angeles,818/356-0959,health food,31,False
dining room,9500 wilshire blvd.,los angeles,310/275-5200,californian,0,False
dive!,10250 santa monica blvd.,los angeles,310/788-,dive american,-1,True
drago,2628 wilshire blvd.,santa monica,310/828-1585,italian,10,False
drai's,730 n. la cienega blvd.,los angeles,310/358-8585,french,7,False
dynasty room,930 hilgard ave.,los angeles,310/208-8765,continental,32,False
eclipse,8800 melrose ave.,los angeles,310/724-5959,californian,0,False
ed debevic's,134 n. la cienega,los angeles,310/659-1952,american,0,False
el cholo,1121 s. western ave.,los angeles,213/734-2773,mexican,30,False
gilliland's,2424 main st.,santa monica,310/392-3901,american,10,False
gladstone's,4 fish 17300 pacific coast hwy. at sunset blvd.,pacific palisades,310/454-3474,american,-1,True
hard rock cafe,8600 beverly blvd.,los angeles,310/276-7605,american,0,False
harry's bar & american grill,2020 ave. of the stars,los angeles,310/277-2333,italian,8,False
il fornaio cucina italiana,301 n. beverly dr.,los angeles,310/550-8330,italian,8,False
jack sprat's grill,10668 w. pico blvd.,los angeles,310/837-6662,health food,31,False
jackson's farm,439 n. beverly drive,los angeles,310/273-5578,californian,0,False
jimmy's,201 moreno dr.,los angeles,310/552-2394,continental,32,False
joss,9255 sunset blvd.,los angeles,310/276-1886,asian,6,False
le colonial,8783 beverly blvd.,los angeles,310/289-0660,asian,6,False
le dome,8720 sunset blvd.,los angeles,310/659-6919,french,7,False
louise's trattoria,4500 los feliz blvd.,los angeles,213/667-0777,italian,8,False
mon kee seafood restaurant,679 n. spring st.,los angeles,213/628-6717,asian,6,False
morton's,8764 melrose ave.,los angeles,310/276-5205,american,0,False
nate 'n' al's,414 n. beverly dr.,los angeles,310/274-0101,american,0,False
nicola,601 s. figueroa st.,los angeles,213/485-0927,american,0,False
ocean avenue,1401 ocean ave.,santa monica,310/394-5669,american,10,False
orleans,11705 national blvd.,los angeles,310/479-4187,cajun,-1,True
pacific dining car,6th st.,los angeles,213/483-6000,american,0,False
paty's,10001 riverside dr.,toluca lake,818/761-9126,american,-1,True
pinot hollywood,1448 n. gower st.,los angeles,213/461-8800,californian,0,False
posto,14928 ventura blvd.,sherman oaks,818/784-4400,italian,-1,True
prego,362 n. camden dr.,los angeles,310/277-7346,italian,8,False
rj's the rib joint,252 n. beverly dr.,los angeles,310/274-7427,american,0,False
remi,3rd st. promenade,santa monica,310/393-6545,italian,10,False
restaurant horikawa,111 s. san pedro st.,los angeles,213/680-9355,asian,6,False
roscoe's house of chicken 'n' waffles,1514 n. gower st.,los angeles,213/466-9329,american,0,False
schatzi on main,3110 main st.,los angeles,310/399-4800,continental,32,False
sofi,3rd st.,los angeles,213/651-0346,mediterranean,8,False
swingers,8020 beverly blvd.,los angeles,213/653-5858,american,0,False
tavola calda,7371 melrose ave.,los angeles,213/658-6340,italian,8,False
the mandarin,430 n. camden dr.,los angeles,310/859-0926,asian,6,False
tommy tang's,7313 melrose ave.,los angeles,213/937-5733,asian,6,False
tra di noi,3835 cross creek rd.,los angeles,310/456-0169,italian,8,False
trader vic's,9876 wilshire blvd.,los angeles,310/276-6345,asian,6,False
vida,1930 north hillhurst ave.,los feliz,213/660-4446,american,-1,True
west beach cafe,60 n. venice blvd.,los angeles,310/823-5396,american,0,False
20 mott,20 mott st.  between bowery and pell st.,new york,212/964-0380,asian,6,False
9 jones street,9 jones st.,new york,212/989-1220,american,0,False
adrienne,700 5th ave. at 55th st.,new york,212/903-3918,french,11,False
agrotikon,322 e. 14 st.  between 1st and 2nd aves.,new york,212/473-2602,mediterranean,18,False
aja,937 broadway at 22nd st.,new york,212/473-8388,american,0,False
alamo,304 e. 48th st.,new york,212/ 759-0590,mexican,17,False
alley's end,311 w. 17th st.,new york,212/627-8899,american,0,False
ambassador grill,1 united nations plaza at 44th st.,new york,212/702-5014,american,0,False
american place,2 park ave. at 32nd st.,new york,212/684-2122,american,0,False
anche vivolo,222 e. 58th st.  between 2nd and 3rd aves.,new york,212/308-0112,italian,10,False
arizona,206 206 e. 60th st.,new york,212/838-0440,american,0,False
arturo's,106 w. houston st.  off thompson st.,new york,212/677-3820,italian,10,False
au mandarin,200-250 vesey st. world financial center,new york,212/385-0313,asian,6,False
bar anise,1022 3rd ave.  between 60th and 61st sts.,new york,212/355-1112,mediterranean,18,False
barbetta,321 w. 46th st.,new york,212/246-9171,italian,10,False
ben benson's,123 w. 52nd st.,new york,212/581-8888,american,0,False
big cup,228 8th ave.  between 21st and 22nd sts.,new york,212/206-0059,coffee bar,12,False
billy's,948 1st ave.  between 52nd and 53rd sts.,new york,212/753-1870,american,0,False
boca chica,13 1st ave.  near 1st st.,new york,212/473-0108,latin american,33,False
bolo,23 e. 22nd st.,new york,212/228-2200,mediterranean,18,False
boonthai,1393a 2nd ave.  between 72nd and 73rd sts.,new york,212/249-8484,asian,6,False
bouterin,420 e. 59th st.  off 1st ave.,new york,212/758-0323,french,11,False
brothers bar-b-q,225 varick st. at clarkston st.,new york,212/727-2775,american,0,False
bruno,240 e. 58th st.,new york,212/688-4190,italian,10,False
bryant park grill  roof restaurant and bp cafe,25 w. 40th st.  between 5th and 6th aves.,new york,212/840-6500,american,0,False
c3,103 waverly pl.  near washington sq.,new york,212/254-1200,american,0,False
ct,111 e. 22nd st.  between park ave. s and lexington ave.,new york,212/995-8500,french,11,False
cafe bianco,1486 2nd ave.  between 77th and 78th sts.,new york,212/988-2655,coffee bar,12,False
cafe botanica,160 central park s,new york,212/484-5120,french,11,False
cafe la fortuna,69 w. 71st st.,new york,212/724-5846,coffee bar,12,False
cafe luxembourg,200 w. 70th st.,new york,212/873-7411,french,11,False
cafe pierre,2 e. 61st st.,new york,212/940-8185,french,11,False
cafe centro,200 park ave.  between 45th st. and vanderbilt ave.,new york,212/818-1222,french,11,False
cafe fes,246 w. 4th st. at charles st.,new york,212/924-7653,mediterranean,18,False
caffe dante,81 macdougal st.  between houston and bleeker sts.,new york,212/982-5275,coffee bar,12,False
caffe dell'artista,46 greenwich ave.,new york,212/645-4431,coffee bar,12,False
caffe lure,169 sullivan st.  between houston and bleecker sts.,new york,212/473-2642,french,11,False
caffe reggio,119 macdougal st.  between 3rd and bleecker sts.,new york,212/475-9557,coffee bar,12,False
caffe roma,385 broome st. at mulberry,new york,212/226-8413,coffee bar,12,False
caffe vivaldi,32 jones st. at bleecker st.,new york,212/691-7538,coffee bar,12,False
caffe bondi ristorante,7 w. 20th st.,new york,212/691-8136,italian,10,False
capsouto freres,451 washington st.  near watts st.,new york,212/966-4900,french,11,False
captain's table,860 2nd ave. at 46th st.,new york,212/697-9538,seafood,11,False
casa la femme,150 wooster st.  between houston and prince sts.,new york,212/505-0005,middle eastern,34,False
cendrillon asian grill & marimba bar,45 mercer st.  between broome and grand sts.,new york,212/343-9012,asian,6,False
chez jacqueline,72 macdougal st.  between w. houston and bleecker sts.,new york,212/505-0727,french,11,False
chiam,160 e. 48th st.,new york,212/371-2323,asian,6,False
china grill,60 w. 53rd st.,new york,212/333-7788,american,0,False
cite,120 w. 51st st.,new york,212/956-7100,french,11,False
coco pazzo,23 e. 74th st.,new york,212/794-0205,italian,10,False
columbus bakery,53rd sts.,new york,212/421-0334,coffee bar,12,False
corrado cafe,1013 3rd ave.  between 60th and 61st sts.,new york,212/753-5100,coffee bar,12,False
cupcake cafe,522 9th ave. at 39th st.,new york,212/465-1530,coffee bar,12,False
da nico,164 mulberry st.  between grand and broome sts.,new york,212/343-1212,italian,10,False
dean & deluca,121 prince st.,new york,212/254-8776,coffee bar,12,False
diva,341 w. broadway  near grand st.,new york,212/941-9024,italian,10,False
dix et sept,181 w. 10th st.,new york,212/645-8023,french,11,False
docks,633 3rd ave. at 40th st.,new york,212/ 986-8080,seafood,11,False
duane park cafe,157 duane st.  between w. broadway and hudson st.,new york,212/732-5555,american,0,False
el teddy's,219 w. broadway  between franklin and white sts.,new york,212/941-7070,mexican,17,False
emily's,1325 5th ave. at 111th st.,new york,212/996-1212,american,0,False
empire korea,6 e. 32nd st.,new york,212/725-1333,asian,6,False
ernie's,2150 broadway  between 75th and 76th sts.,new york,212/496-1588,american,0,False
evergreen cafe,1288 1st ave. at 69th st.,new york,212/744-3266,asian,6,False
f. ille ponte ristorante,39 desbrosses st.  near west st.,new york,212/226-4621,italian,10,False
felix,340 w. broadway at grand st.,new york,212/431-0021,french,11,False
ferrier,29 e. 65th st.,new york,212/772-9000,french,11,False
fifty seven fifty seven,57 e. 57th st.,new york,212/758-5757,american,0,False
film center cafe,635 9th ave.  between 44th and 45th sts.,new york,212/ 262-2525,american,0,False
fiorello's roman cafe,1900 broadway  between 63rd and 64th sts.,new york,212/595-5330,italian,10,False
firehouse,522 columbus ave.  between 85th and 86th sts.,new york,212/595-3139,american,0,False
first,87 1st ave.  between 5th and 6th sts.,new york,212/674-3823,american,0,False
fishin eddie,73 w. 71st st.,new york,212/874-3474,seafood,11,False
fleur de jour,348 e. 62nd st.,new york,212/355-2020,coffee bar,12,False
flowers,21 west 17th st.  between 5th and 6th aves.,new york,212/691-8888,american,0,False
follonico,6 w. 24th st.,new york,212/691-6359,italian,10,False
fraunces tavern,54 pearl st. at broad st.,new york,212/269-0144,american,0,False
french roast,458 6th ave. at 11th st.,new york,212/533-2233,french,11,False
french roast cafe,2340 broadway at 85th st.,new york,212/799-1533,coffee bar,12,False
frico bar,402 w. 43rd st.  off 9th ave.,new york,212/564-7272,italian,10,False
fujiyama mama,467 columbus ave.  between 82nd and 83rd sts.,new york,212/769-1144,asian,6,False
gabriela's,685 amsterdam ave. at 93rd st.,new york,212/961-0574,mexican,17,False
gallagher's,228 w. 52nd st.,new york,212/245-5336,american,0,False
gianni's,15 fulton st.,new york,212/608-7300,seafood,11,False
girafe,208 e. 58th st.  between 2nd and 3rd aves.,new york,212/752-3054,italian,10,False
global,33 93 2nd ave.  between 5th and 6th sts.,new york,212/477-8427,american,0,False
golden unicorn,18 e. broadway at catherine st.,new york,212/ 941-0911,asian,6,False
grand ticino,228 thompson st.  between w. 3rd and bleecker sts.,new york,212/777-5922,italian,10,False
halcyon,151 w. 54th st.  in the rihga royal hotel,new york,212/468-8888,american,0,False
hard rock cafe,221 w. 57th st.,new york,212/489-6565,american,0,False
hi-life restaurant and lounge,1340 1st ave. at 72nd st.,new york,212/249-3600,american,0,False
home,20 cornelia st.  between bleecker and w. 4th st.,new york,212/243-9579,american,0,False
hudson river club,4 world financial center,new york,212/786-1500,american,0,False
i trulli,122 e. 27th st.  between lexington and park aves.,new york,212/481-7372,italian,10,False
il cortile,125 mulberry st.  between canal and hester sts.,new york,212/226-6060,italian,10,False
il nido,251 e. 53rd st.,new york,212/753-8450,italian,10,False
inca grill,492 broome st.  near w. broadway,new york,212/966-3371,latin american,33,False
indochine,430 lafayette st.  between 4th st. and astor pl.,new york,212/505-5111,asian,6,False
internet cafe,82 e. 3rd st.  between 1st and 2nd aves.,new york,212/ 614-0747,coffee bar,12,False
ipanema,13 w. 46th st.,new york,212/730-5848,latin american,33,False
jean lafitte,68 w. 58th st.,new york,212/751-2323,french,11,False
jewel of india,15 w. 44th st.,new york,212/869-5544,asian,6,False
jimmy sung's,219 e. 44th st.  between 2nd and 3rd aves.,new york,212/682-5678,asian,6,False
joe allen,326 w. 46th st.,new york,212/581-6464,american,0,False
judson grill,152 w. 52nd st.,new york,212/582-5252,american,0,False
l'absinthe,227 e. 67th st.,new york,212/794-4950,french,11,False
l'auberge,1191 1st ave.  between 64th and 65th sts.,new york,212/288-8791,middle eastern,34,False
l'auberge du midi,310 w. 4th st.  between w. 12th and bank sts.,new york,212/242-4705,french,11,False
l'udo,432 lafayette st.  near astor pl.,new york,212/388-0978,french,11,False
la reserve,4 w. 49th st.,new york,212/247-2993,french,11,False
lanza restaurant,168 1st ave.  between 10th and 11th sts.,new york,212/674-7014,italian,10,False
lattanzi ristorante,361 w. 46th st.,new york,212/315-0980,italian,10,False
layla,211 w. broadway at franklin st.,new york,212/431-0700,middle eastern,34,False
le chantilly,106 e. 57th st.,new york,212/751-2931,french,11,False
le colonial,149 e. 57th st.,new york,212/ 752-0808,asian,6,False
le gamin,50 macdougal st.  between houston and prince sts.,new york,212/254-4678,coffee bar,12,False
le jardin,25 cleveland pl.  near spring st.,new york,212/343-9599,french,11,False
le madri,168 w. 18th st.,new york,212/727-8022,italian,10,False
le marais,150 w. 46th st.,new york,212/869-0900,american,0,False
le perigord,405 e. 52nd st.,new york,212/755-6244,french,11,False
le select,507 columbus ave.  between 84th and 85th sts.,new york,212/875-1993,american,0,False
les halles,411 park ave. s  between 28th and 29th sts.,new york,212/679-4111,french,11,False
lincoln tavern,51 w. 64th st.,new york,212/721-8271,american,0,False
lola,30 west 22nd st.  between 5th and 6th ave.,new york,212/675-6700,american,0,False
lucky strike,59 grand st.  between wooster st. and w. broadway,new york,212/941-0479,or 212/941-0772 american,-1,True
mad fish,2182 broadway  between 77th and 78th sts.,new york,212/787-0202,seafood,11,False
main street,446 columbus ave.  between 81st and 82nd sts.,new york,212/873-5025,american,0,False
mangia e bevi,800 9th ave. at 53rd st.,new york,212/956-3976,italian,10,False
manhattan cafe,1161 1st ave.  between 63rd and 64th sts.,new york,212/888-6556,american,0,False
manila garden,325 e. 14th st.  between 1st and 2nd aves.,new york,212/777-6314,asian,6,False
marichu,342 e. 46th st.  between 1st and 2nd aves.,new york,212/370-1866,french,11,False
marquet patisserie,15 e. 12th st.  between 5th ave. and university pl.,new york,212/229-9313,coffee bar,12,False
match,160 mercer st.  between houston and prince sts.,new york,212/906-9173,american,0,False
matthew's,1030 3rd ave. at 61st st.,new york,212/838-4343,american,0,False
mavalli palace,46 e. 29th st.,new york,212/679-5535,asian,6,False
milan cafe and coffee bar,120 w. 23rd st.,new york,212/807-1801,coffee bar,12,False
monkey bar,60 e. 54th st.,new york,212/838-2600,american,0,False
montien,1134 1st ave.   between 62nd and 63rd sts.,new york,212/421-4433,asian,6,False
morton's,551 5th ave. at 45th st.,new york,212/972-3315,american,0,False
motown cafe,104 w. 57th st.  near 6th ave.,new york,212/581-8030,american,0,False
new york kom tang soot bul house,32 w. 32nd st.,new york,212/ 947-8482,asian,6,False
new york noodletown,28 1/2 bowery at bayard st.,new york,212/349-0923,asian,6,False
newsbar,2 w. 19th st.,new york,212/255-3996,coffee bar,12,False
odeon,145 w. broadway at thomas st.,new york,212/233-0507,american,0,False
orso,322 w. 46th st.,new york,212/489-7212,italian,10,False
osteria al droge,142 w. 44th st.,new york,212/944-3643,italian,10,False
otabe,68 e. 56th st.,new york,212/223-7575,asian,6,False
pacifica,138 lafayette st.  between canal and howard sts.,new york,212/941-4168,asian,6,False
palio,151 w. 51st. st.,new york,212/245-4850,italian,10,False
pamir,1065 1st ave.  at 58th st.,new york,212/644-9258,middle eastern,34,False
parioli romanissimo,24 e. 81st st.,new york,212/288-2391,italian,10,False
patria,250 park ave. s at 20th st.,new york,212/777-6211,latin american,33,False
peacock alley,301 park ave.  between 49th and 50th sts.,new york,212/872-4895,french,11,False
pen & pencil,205 e. 45th st.,new york,212/682-8660,american,0,False
penang soho,109 spring st.  between greene and mercer sts.,new york,212/274-8883,asian,6,False
persepolis,1423 2nd ave.  between 74th and 75th sts.,new york,212/535-1100,middle eastern,34,False
planet hollywood,140 w. 57th st.,new york,212/333-7827,american,0,False
pomaire,371 w. 46th st.  off 9th ave.,new york,212/ 956-3055,latin american,33,False
popover cafe,551 amsterdam ave.  between 86th and 87th sts.,new york,212/595-8555,american,0,False
post house,28 e. 63rd st.,new york,212/935-2888,american,0,False
rain,100 w. 82nd st.,new york,212/501-0776,asian,6,False
red tulip,439 e. 75th st.,new york,212/734-4893,eastern european,-1,True
remi,145 w. 53rd st.,new york,212/581-4242,italian,10,False
republic,37a union sq. w  between 16th and 17th sts.,new york,212/627-7172,asian,6,False
roettelle a. g,126 e. 7th st.  between 1st ave. and ave. a,new york,212/674-4140,continental,11,False
rosa mexicano,1063 1st ave. at 58th st.,new york,212/753-7407,mexican,17,False
ruth's chris,148 w. 51st st.,new york,212/245-9600,american,0,False
s.p.q.r,133 mulberry st.  between hester and grand sts.,new york,212/925-3120,italian,10,False
sal anthony's,55 irving pl.,new york,212/982-9030,italian,10,False
sammy's roumanian steak house,157 chrystie st. at delancey st.,new york,212/673-0330,east european,35,False
san pietro,18 e. 54th st.,new york,212/753-9015,italian,10,False
sant ambroeus,1000 madison ave.  between 77th and 78th sts.,new york,212/570-2211,coffee bar,12,False
sarabeth's kitchen,423 amsterdam ave.  between 80th and 81st sts.,new york,212/496-6280,american,0,False
sea grill,19 w. 49th st.,new york,212/332-7610,seafood,11,False
serendipity,3 225 e. 60th st.,new york,212/838-3531,american,0,False
seventh regiment mess and bar,643 park ave. at 66th st.,new york,212/744-4107,american,0,False
sfuzzi,58 w. 65th st.,new york,212/873-3700,american,0,False
shaan,57 w. 48th st.,new york,212/ 977-8400,asian,6,False
sofia fabulous pizza,1022 madison ave.  near 79th st.,new york,212/734-2676,italian,10,False
spring street natural restaurant & bar,62 spring st. at lafayette st.,new york,212/966-0290,american,0,False
stage deli,834 7th ave.  between 53rd and 54th sts.,new york,212/245-7850,delicatessen,13,False
stingray,428 amsterdam ave.  between 80th and 81st sts.,new york,212/501-7515,seafood,11,False
sweet'n'tart cafe,76 mott st. at canal st.,new york,212/334-8088,asian,6,False
t salon,143 mercer st. at prince st.,new york,212/925-3700,coffee bar,12,False
tang pavillion,65 w. 55th st.,new york,212/956-6888,asian,6,False
tapika,950 8th ave. at 56th st.,new york,212/ 397-3737,american,0,False
teresa's,103 1st ave.  between 6th and 7th sts.,new york,212/228-0604,east european,35,False
terrace,400 w. 119th st.  between amsterdam and morningside aves.,new york,212/666-9490,continental,11,False
the coffee pot,350 9th ave. at 49th st.,new york,212/265-3566,coffee bar,12,False
the savannah club,2420 broadway at 89th st.,new york,212/496-1066,american,0,False
trattoria dell'arte,900 7th ave.  between 56th and 57th sts.,new york,212/245-9800,italian,10,False
triangolo,345 e. 83rd st.,new york,212/472-4488,italian,10,False
tribeca grill,375 greenwich st.  near franklin st.,new york,212/941-3900,american,0,False
trois jean,154 e. 79th st.  between lexington and 3rd aves.,new york,212/988-4858,coffee bar,12,False
tse yang,34 e. 51st st.,new york,212/688-5447,asian,6,False
turkish kitchen,386 3rd ave.  between 27th and 28th sts.,new york,212/679-1810,middle eastern,34,False
two two two,222 w. 79th st.,new york,212/799-0400,american,0,False
veniero's pasticceria,342 e. 11th st.  near 1st ave.,new york,212/674-7264,coffee bar,12,False
verbena,54 irving pl. at 17th st.,new york,212/260-5454,american,0,False
victor's cafe,52 236 w. 52nd st.,new york,212/586-7714,latin american,33,False
vince & eddie's,70 w. 68th st.,new york,212/721-0068,american,0,False
vong,200 e. 54th st.,new york,212/486-9592,american,0,False
water club,500 e. 30th st.,new york,212/683-3333,american,0,False
west,63rd street steakhouse 44 w. 63rd st.,new york,212/246-6363,american,0,False
xunta,174 1st ave.  between 10th and 11th sts.,new york,212/614-0620,mediterranean,18,False
zen palate,34 union sq. e at 16th st.,new york,212/614-9291,and 212/614-9345 asian,-1,True
zoe,90 prince st.  between broadway and mercer st.,new york,212/966-6722,american,0,False
abbey,163 ponce de leon ave.,atlanta,404/876-8532,international,23,False
aleck's barbecue heaven,783 martin luther king jr. dr.,atlanta,404/525-2062,barbecue,36,False
annie's thai castle,3195 roswell rd.,atlanta,404/264-9546,asian,25,False
anthonys,3109 piedmont rd.  just south of peachtree rd.,atlanta,404/262-7379,american,23,False
atlanta fish market,265 pharr rd.,atlanta,404/262-3165,american,23,False
beesley's of buckhead,260 e. paces ferry road,atlanta,404/264-1334,continental,23,False
bertolini's,3500 peachtree rd.  phipps plaza,atlanta,404/233-2333,italian,22,False
bistango,1100 peachtree st.,atlanta,404/724-0901,mediterranean,25,False
cafe renaissance,7050 jimmy carter blvd.  norcross,atlanta,770/441--0291,american,23,False
camille's,1186 n. highland ave.,atlanta,404/872-7203,italian,22,False
cassis,3300 peachtree rd.  grand hyatt,atlanta,404/365-8100,mediterranean,25,False
city grill,50 hurt plaza,atlanta,404/524-2489,international,23,False
coco loco,40  buckhead crossing mall on the sidney marcus blvd.,atlanta,404/364-0212,caribbean,26,False
colonnade restaurant,1879 cheshire bridge rd.,atlanta,404/874-5642,southern,27,False
dante's down the hatch  buckhead,3380 peachtree rd.,atlanta,404/266-1600,continental,23,False
dante's down the hatch,underground underground mall  underground atlanta,atlanta,404/577-1800,continental,23,False
fat matt's rib shack,1811 piedmont ave.  near cheshire bridge rd.,atlanta,404/607-1622,barbecue,36,False
french quarter food shop,923 peachtree st.  at 8th st.,atlanta,404/875-2489,southern,27,False
holt bros. bar-b-q,6359 jimmy carter blvd.  at buford hwy.  norcross,atlanta,770/242-3984,barbecue,36,False
horseradish grill,4320 powers ferry rd.,atlanta,404/255-7277,southern,27,False
hsu's gourmet,192 peachtree center ave.  at international blvd.,atlanta,404/659-2788,asian,25,False
imperial fez,2285 peachtree rd.  peachtree battle condominium,atlanta,404/351-0870,mediterranean,25,False
kamogawa,3300 peachtree rd.  grand hyatt,atlanta,404/841-0314,asian,25,False
la grotta at ravinia dunwoody rd.,holiday inn/crowne plaza at ravinia  dunwoody,atlanta,770/395-9925,italian,22,False
little szechuan,c buford hwy.  northwoods plaza  doraville,atlanta,770/451-0192,asian,25,False
lowcountry barbecue,6301 roswell rd.  sandy springs plaza  sandy springs,atlanta,404/255-5160,barbecue,36,False
luna si,1931 peachtree rd.,atlanta,404/355-5993,continental,23,False
mambo restaurante cubano,1402 n. highland ave.,atlanta,404/874-2626,caribbean,26,False
mckinnon's louisiane,3209 maple dr.,atlanta,404/237-1313,southern,27,False
mi spia dunwoody rd.,park place  across from perimeter mall  dunwoody,atlanta,770/393-1333,italian,22,False
nickiemoto's: a sushi bar,247 buckhead ave.  east village sq.,atlanta,404/842-0334,fusion,-1,True
palisades,1829 peachtree rd.,atlanta,404/350-6755,continental,23,False
pleasant peasant,555 peachtree st.  at linden ave.,atlanta,404/874-3223,american,23,False
pricci,500 pharr rd.,atlanta,404/237-2941,italian,22,False
r.j.'s uptown kitchen & wine bar,870 n. highland ave.,atlanta,404/875-7775,american,23,False
rib ranch,25 irby ave.,atlanta,404/233-7644,barbecue,36,False
sa tsu ki,3043 buford hwy.,atlanta,404/325-5285,asian,25,False
sato sushi and thai,6050 peachtree pkwy.  norcross,atlanta,770/449-0033,asian,25,False
south city kitchen,1144 crescent ave.,atlanta,404/873-7358,southern,27,False
south of france,2345 cheshire bridge rd.,atlanta,404/325-6963,french,23,False
stringer's fish camp and oyster bar,3384 shallowford rd.  chamblee,atlanta,770/458-7145,southern,27,False
sundown cafe,2165 cheshire bridge rd.,atlanta,404/321-1118,american,23,False
taste of new orleans,889 w. peachtree st.,atlanta,404/874-5535,southern,27,False
tomtom,3393 peachtree rd.,atlanta,404/264-1163,continental,23,False
antonio's,3700 w. flamingo,las vegas,702/252-7737,italian,22,False
bally's big kitchen,3645 las vegas blvd. s,las vegas,702/739-4111,buffets,22,False
bamboo garden,4850 flamingo rd.,las vegas,702/871-3262,asian,22,False
battista's hole in the wall,4041 audrie st. at flamingo rd.,las vegas,702/732-1424,italian,22,False
bertolini's,3570 las vegas blvd. s,las vegas,702/735-4663,italian,22,False
binion's coffee shop,128 fremont st.,las vegas,702/382-1600,coffee shops/diners,22,False
bistro,3400 las vegas blvd. s,las vegas,702/791-7111,continental,22,False
broiler,4111 boulder hwy.,las vegas,702/432-7777,american,37,False
bugsy's diner,3555 las vegas blvd. s,las vegas,702/733-3111,coffee shops/diners,22,False
cafe michelle,1350 e. flamingo rd.,las vegas,702/735-8686,american,37,False
cafe roma,3570 las vegas blvd. s,las vegas,702/731-7547,coffee shops/diners,22,False
capozzoli's,3333 s. maryland pkwy.,las vegas,702/731-5311,italian,22,False
carnival world,3700 w. flamingo rd.,las vegas,702/252-7777,buffets,22,False
center stage plaza hotel,1 main st.,las vegas,702/386-2512,american,37,False
circus circus,2880 las vegas blvd. s,las vegas,702/734-0410,buffets,22,False
empress court,3570 las vegas blvd. s,las vegas,702/731-7888,asian,22,False
feast,2411 w. sahara ave.,las vegas,702/367-2411,buffets,22,False
golden nugget hotel,129 e. fremont st.,las vegas,702/385-7111,buffets,22,False
golden steer,308 w. sahara ave.,las vegas,702/384-4470,steak houses,22,False
lillie langtry's,129 e. fremont st.,las vegas,702/385-7111,asian,22,False
mandarin court,1510 e. flamingo rd.,las vegas,702/737-1234,asian,22,False
margarita's mexican cantina,3120 las vegas blvd. s,las vegas,702/794-8200,mexican,38,False
mary's diner,5111 w. boulder hwy.,las vegas,702/454-8073,coffee shops/diners,22,False
mikado,3400 las vegas blvd. s,las vegas,702/791-7111,asian,22,False
pamplemousse,400 e. sahara ave.,las vegas,702/733-2066,continental,22,False
ralph's diner,3000 las vegas blvd. s,las vegas,702/732-6330,coffee shops/diners,22,False
the bacchanal,3570 las vegas blvd. s,las vegas,702/731-7525,only in las vegas,22,False
venetian,3713 w. sahara ave.,las vegas,702/876-4190,italian,22,False
viva mercado's,6182 w. flamingo rd.,las vegas,702/871-8826,mexican,38,False
yolie's,3900 paradise rd.,las vegas,702/794-0700,steak houses,22,False
2223,2223 market st.,san francisco,415/431-0692,american,28,False
acquarello,1722 sacramento st.,san francisco,415/567-5432,italian,29,False
bardelli's,243 o'farrell st.,san francisco,415/982-0243,old san francisco,39,False
betelnut,2030 union st.,san francisco,415/929-8855,asian,28,False
bistro roti,155 steuart st.,san francisco,415/495-6500,french,28,False
bix,56 gold st.,san francisco,415/433-6300,american,28,False
bizou,598 fourth st.,san francisco,415/543-2222,french,28,False
buca giovanni,800 greenwich st.,san francisco,415/776-7766,italian,29,False
cafe adriano,3347 fillmore st.,san francisco,415/474-4180,italian,29,False
cafe marimba,2317 chestnut st.,san francisco,415/776-1506,mexican/latin american/spanish,40,False
california culinary academy,625 polk st.,san francisco,415/771-3500,french,28,False
capp's corner,1600 powell st.,san francisco,415/989-2589,italian,29,False
carta,1772 market st.,san francisco,415/863-3516,american,28,False
chevys,4th and howard sts.,san francisco,415/543-8060,mexican/latin american/spanish,40,False
cypress club,500 jackson st.,san francisco,415/296-8555,american,28,False
des alpes,732 broadway,san francisco,415/788-9900,french,28,False
faz,161 sutter st.,san francisco,415/362-0404,greek and middle eastern,41,False
fog city diner,1300 battery st.,san francisco,415/982-2000,american,28,False
garden court,market and new montgomery sts.,san francisco,415/546-5011,old san francisco,39,False
gaylord's,ghirardelli sq.,san francisco,415/771-8822,asian,28,False
grand cafe hotel monaco,501 geary st.,san francisco,415/292-0101,american,28,False
greens,bldg. a fort mason,san francisco,415/771-6222,vegetarian,42,False
harbor village,4 embarcadero center,san francisco,415/781-8833,asian,28,False
harris',2100 van ness ave.,san francisco,415/673-1888,steak houses,43,False
harry denton's,161 steuart st.,san francisco,415/882-1333,american,28,False
hayes street grill,320 hayes st.,san francisco,415/863-5545,seafood,28,False
helmand,430 broadway,san francisco,415/362-0641,greek and middle eastern,41,False
hong kong flower lounge,5322 geary blvd.,san francisco,415/668-8998,asian,28,False
hong kong villa,2332 clement st.,san francisco,415/752-8833,asian,28,False
hyde street bistro,1521 hyde st.,san francisco,415/441-7778,italian,29,False
il fornaio levi's plaza,1265 battery st.,san francisco,415/986-0100,italian,29,False
izzy's steak & chop house,3345 steiner st.,san francisco,415/563-0487,steak houses,43,False
jack's,615 sacramento st.,san francisco,415/986-9854,old san francisco,39,False
kabuto sushi,5116 geary blvd.,san francisco,415/752-5652,asian,28,False
katia's,600 5th ave.,san francisco,415/668-9292,,-1,True
kuleto's,221 powell st.,san francisco,415/397-7720,italian,29,False
kyo-ya. sheraton palace hotel,2 new montgomery st.  at market st.,san francisco,415/546-5000,asian,28,False
l'osteria del forno,519 columbus ave.,san francisco,415/982-1124,italian,29,False
le central,453 bush st.,san francisco,415/391-2233,french,28,False
le soleil,133 clement st.,san francisco,415/668-4848,asian,28,False
macarthur park,607 front st.,san francisco,415/398-5700,american,28,False
manora,3226 mission st.,san francisco,415/861-6224,asian,28,False
maykadeh,470 green st.,san francisco,415/362-8286,greek and middle eastern,41,False
mccormick & kuleto's,ghirardelli sq.,san francisco,415/929-1730,seafood,28,False
millennium,246 mcallister st.,san francisco,415/487-9800,vegetarian,42,False
moose's,1652 stockton st.,san francisco,415/989-7800,mediterranean,28,False
north india,3131 webster st.,san francisco,415/931-1556,asian,28,False
one market,1 market st.,san francisco,415/777-5577,american,28,False
oritalia,1915 fillmore st.,san francisco,415/346-1333,italian,29,False
pacific pan pacific hotel,500 post st.,san francisco,415/929-2087,french,28,False
palio d'asti,640 sacramento st.,san francisco,415/395-9800,italian,29,False
pane e vino,3011 steiner st.,san francisco,415/346-2111,italian,29,False
pastis,1015 battery st.,san francisco,415/391-2555,french,28,False
perry's,1944 union st.,san francisco,415/922-9022,american,28,False
r&g lounge,631 b kearny st.,san francisco,415/982-7877,or 415/982-3811 asian,-1,True
rubicon,558 sacramento st.,san francisco,415/434-4100,american,28,False
rumpus,1 tillman pl.,san francisco,415/421-2300,american,28,False
sanppo,1702 post st.,san francisco,415/346-3486,asian,28,False
scala's bistro,432 powell st.,san francisco,415/395-8555,italian,29,False
south park cafe,108 south park,san francisco,415/495-7275,french,28,False
splendido embarcadero,4,san francisco,415/986-3222,mediterranean,28,False
stars,150 redwood alley,san francisco,415/861-7827,american,28,False
stars cafe,500 van ness ave.,san francisco,415/861-4344,american,28,False
stoyanof's cafe,1240 9th ave.,san francisco,415/664-3664,greek and middle eastern,41,False
straits cafe,3300 geary blvd.,san francisco,415/668-1783,asian,28,False
suppenkuche,601 hayes st.,san francisco,415/252-9289,russian/german,-1,True
tadich grill,240 california st.,san francisco,415/391-2373,seafood,28,False
the heights,3235 sacramento st.,san francisco,415/474-8890,french,28,False
thepin,298 gough st.,san francisco,415/863-9335,asian,28,False
ton kiang,3148 geary blvd.,san francisco,415/752-4440,asian,28,False
vertigo,600 montgomery st.,san francisco,415/433-7250,mediterranean,28,False
vivande porta via,2125 fillmore st.,san francisco,415/346-4430,italian,29,False
vivande ristorante,670 golden gate ave.,san francisco,415/673-9245,italian,29,False
world wrapps,2257 chestnut st.,san francisco,415/563-9727,american,28,False
wu kong,101 spear st.,san francisco,415/957-9300,asian,28,False
yank sing,427 battery st.,san francisco,415/541-4949,asian,28,False
yaya cuisine,1220 9th ave.,san francisco,415/566-6966,greek and middle eastern,41,False
yoyo tsumami bistro,1611 post st.,san francisco,415/922-7788,french,28,False
zarzuela,2000 hyde st.,san francisco,415/346-0800,mexican/latin american/spanish,40,False
zuni cafe & grill,1658 market st.,san francisco,415/552-2522,mediterranean,28,False
apple pan  the,10801 w. pico blvd.,west la,310-475-3585,american,-1,True
asahi ramen,2027 sawtelle blvd.,west la,310-479-2231,noodle shops,-1,True
baja fresh,3345 kimber dr.,westlake village,805-498-4049,mexican,-1,True
belvedere  the,9882 little santa monica blvd.,beverly hills,310-788-2306,pacific new wave,44,False
benita's frites,1433 third st. promenade,santa monica,310-458-2889,fast food,-1,True
bernard's,515 s. olive st.,los angeles,213-612-1580,continental,32,False
bistro 45,45 s. mentor ave.,pasadena,818-795-2478,californian,45,False
brent's deli,19565 parthenia ave.,northridge,818-886-5679,delis,-1,True
brighton coffee shop,9600 brighton way,beverly hills,310-276-7732,coffee shops,-1,True
bristol farms market cafe,1570 rosecrans ave. s.,pasadena,310-643-5229,californian,45,False
bruno's,3838 centinela ave.,mar vista,310-397-5703,italian,-1,True
cafe '50s,838 lincoln blvd.,venice,310-399-1955,american,-1,True
cafe blanc,9777 little santa monica blvd.,beverly hills,310-888-0108,pacific new wave,44,False
cassell's,3266 w. sixth st.,la,213-480-8668,hamburgers,46,False
chez melange,1716 pch,redondo beach,310-540-1222,eclectic,-1,True
diaghilev,1020 n. san vicente blvd.,w. hollywood,310-854-1111,russian,-1,True
don antonio's,1136 westwood blvd.,westwood,310-209-1422,italian,-1,True
duke's,8909 sunset blvd.,w. hollywood,310-652-3100,coffee shops,-1,True
falafel king,1059 broxton ave.,westwood,310-208-4444,middle eastern,-1,True
feast from the east,1949 westwood blvd.,west la,310-475-0400,chinese,-1,True
gumbo pot  the,6333 w. third st.,la,213-933-0358,cajun/creole,47,False
hollywood hills coffee shop,6145 franklin ave.,hollywood,213-467-7678,coffee shops,-1,True
indo cafe,10428 1/2 national blvd.,la,310-815-1290,indonesian,-1,True
jan's family restaurant,8424 beverly blvd.,la,213-651-2866,coffee shops,-1,True
jiraffe,502 santa monica blvd,santa monica,310-917-6671,californian,48,False
jody maroni's sausage kingdom,2011 ocean front walk,venice,310-306-1995,hot dogs,-1,True
joe's,1023 abbot kinney blvd.,venice,310-399-5811,american (new),-1,True
john o'groats,10516 w. pico blvd.,west la,310-204-0692,coffee shops,-1,True
johnnie's pastrami,4017 s. sepulveda blvd.,culver city,310-397-6654,delis,-1,True
johnny reb's southern smokehouse,4663 long beach blvd.,long beach,310-423-7327,southern/soul,-1,True
johnny rockets (la),7507 melrose ave.,la,213-651-3361,american,47,False
killer shrimp,4000 colfax ave.,studio city,818-508-1570,seafood,-1,True
kokomo cafe,6333 w. third st.,la,213-933-0773,american,47,False
koo koo roo,8393 w. beverly blvd.,la,213-655-9045,chicken,-1,True
la cachette,10506 little santa monica blvd.,century city,310-470-4992,french (new),-1,True
la salsa (la),22800 pch,malibu,310-456-6299,mexican,-1,True
la serenata de garibaldi,1842 e. first,st. boyle hts.,213-265-2887,mexican/tex-mex,-1,True
langer's,704 s. alvarado st.,la,213-483-8050,delis,-1,True
local nochol,30869 thousand oaks blvd.,westlake village,818-706-7706,health food,-1,True
main course  the,10509 w. pico blvd.,rancho park,310-475-7564,american,-1,True
mani's bakery & espresso bar,519 s. fairfax ave.,la,213-938-8800,desserts,49,False
martha's,22nd street grill 25 22nd,st. hermosa beach,310-376-7786,american,-1,True
maxwell's cafe,13329 washington blvd.,marina del rey,310-306-7829,american,-1,True
michael's (los angeles),1147 third st.,santa monica,310-451-0843,californian,48,False
mishima,8474 w. third st.,la,213-782-0181,noodle shops,-1,True
mo better meatty meat,7261 melrose ave.,la,213-935-5280,hamburgers,46,False
mulberry st.,17040 ventura blvd.,encino,818-906-8881,pizza,-1,True
ocean park cafe,3117 ocean park blvd.,santa monica,310-452-5728,american,10,False
ocean star,145 n. atlantic blvd.,monterey park,818-308-2128,seafood,-1,True
original pantry bakery,875 s. figueroa st. downtown,la,213-627-6879,diners,-1,True
parkway grill,510 s. arroyo pkwy.,pasadena,818-795-1001,californian,45,False
pho hoa,642 broadway,chinatown,213-626-5530,vietnamese,-1,True
pink's famous chili dogs,709 n. la brea ave.,la,213-931-4223,hot dogs,-1,True
poquito mas,2635 w. olive ave.,burbank,818-563-2252,mexican,-1,True
r-23,923 e. third st.,los angeles,213-687-7178,japanese,-1,True
rae's,2901 pico blvd.,santa monica,310-828-7937,diners,-1,True
rubin's red hots,15322 ventura blvd.,encino,818-905-6515,hot dogs,-1,True
ruby's (la),45 s. fair oaks ave.,pasadena,818-796-7829,diners,-1,True
russell's burgers,1198 pch,seal beach,310-596-9556,hamburgers,-1,True
ruth's chris steak house (los angeles),224 s. beverly dr.,beverly hills,310-859-8744,steakhouses,-1,True
shiro,1505 mission st. s.,pasadena,818-799-4774,pacific new wave,-1,True
sushi nozawa,11288 ventura blvd.,studio city,818-508-7017,japanese,-1,True
sweet lady jane,8360 melrose ave.,la,213-653-7145,desserts,49,False
taiko,11677 san vicente blvd.,brentwood,310-207-7782,noodle shops,-1,True
tommy's,2575 beverly blvd.,la,213-389-9060,hamburgers,46,False
uncle bill's pancake house,1305 highland ave.,manhattan beach,310-545-5177,diners,-1,True
water grill,544 s. grand ave.,los angeles,213-891-0900,seafood,-1,True
zankou chicken,1415 e. colorado st.,glendale,818-244-1937,middle eastern,-1,True
afghan kebab house,764 ninth ave.,new york city,212-307-1612,afghan,-1,True
arcadia,21 e. 62nd st.,new york city,212-223-2900,american (new),0,False
benny's burritos,93 ave. a,new york city,212-254-2054,mexican,17,False
cafe con leche,424 amsterdam ave.,new york city,212-595-7000,cuban,50,False
corner bistro,331 w. fourth st.,new york city,212-242-9502,hamburgers,-1,True
cucina della fontana,368 bleecker st.,new york city,212-242-0636,italian,10,False
cucina di pesce,87 e. fourth st.,new york city,212-260-6800,seafood,11,False
darbar,44 w. 56th st.,new york city,212-432-7227,indian,6,False
ej's luncheonette,432 sixth ave.,new york city,212-473-5555,diners,51,False
edison cafe,228 w. 47th st.,new york city,212-840-5000,diners,51,False
elias corner,24-02 31st st.,queens,718-932-1510,greek,-1,True
good enough to eat,483 amsterdam ave.,new york city,212-496-0163,american,52,False
gray's papaya,2090 broadway,new york city,212-799-0243,hot dogs,-1,True
il mulino,86 w. third st.,new york city,212-673-3783,italian,10,False
jackson diner,37-03 74th st.,queens,718-672-1232,indian,-1,True
joe's shanghai,9 pell st.,queens,718-539-3838,chinese,-1,True
john's pizzeria,48 w. 65th st.,new york city,212-721-7001,pizza,53,False
kelley & ping,127 greene st.,new york city,212-228-1212,pan-asian,-1,True
kiev,117 second ave.,new york city,212-674-4040,ukrainian,54,False
kuruma zushi,2nd fl.,new york city,212-317-2802,japanese,6,False
la caridad,2199 broadway,new york city,212-874-2780,cuban,50,False
la grenouille,3 e. 52nd st.,new york city,212-752-1495,french (classic),11,False
lemongrass grill,61a seventh ave.,brooklyn,718-399-7100,thai,-1,True
lombardi's,32 spring st.,new york city,212-941-7994,pizza,53,False
marnie's noodle shop,466 hudson st.,new york city,212-741-3214,asian,16,False
menchanko-tei,39 w. 55th st.,new york city,212-247-1585,japanese,6,False
mitali east-west,296 bleecker st.,new york city,212-989-1367,indian,6,False
monsoon (ny),435 amsterdam ave.,new york city,212-580-8686,thai,55,False
moustache,405 atlantic ave.,brooklyn,718-852-5555,middle eastern,-1,True
nobu,105 hudson st.,new york city,212-219-0500,japanese,6,False
one if by land  tibs,17 barrow st.,new york city,212-228-0822,continental,-1,True
oyster bar,lower level,new york city,212-490-6650,seafood,11,False
palm,837 second ave.,new york city,212-687-2953,steakhouses,21,False
palm too,840 second ave.,new york city,212-697-5198,steakhouses,21,False
patsy's pizza,19 old fulton st.,brooklyn,718-858-4300,pizza,-1,True
peter luger steak house,178 broadway,brooklyn,718-387-7400,steakhouses,-1,True
rose of india,308 e. sixth st.,new york city,212-533-5011,indian,6,False
sam's noodle shop,411 third ave.,new york city,212-213-2288,chinese,20,False
sarabeth's,1295 madison ave.,new york city,212-410-7335,american,52,False
sparks steak house,210 e. 46th st.,new york city,212-687-4855,steakhouses,21,False
stick to your ribs,5-16 51st ave.,queens,718-937-3030,bbq,-1,True
sushisay,38 e. 51st st.,new york city,212-755-1780,japanese,6,False
sylvia's,328 lenox ave.,new york city,212-996-0660,southern/soul,-1,True
szechuan hunan cottage,1588 york ave.,new york city,212-535-5223,chinese,20,False
szechuan kitchen,1460 first ave.,new york city,212-249-4615,chinese,20,False
teresa's,80 montague st.,queens,718-520-2910,polish,-1,True
thai house cafe,151 hudson st.,new york city,212-334-1085,thai,55,False
thailand restaurant,106 bayard st.,new york city,212-349-3132,thai,55,False
veselka,144 second ave.,new york city,212-228-9682,ukrainian,54,False
westside cottage,689 ninth ave.,new york city,212-245-0800,chinese,20,False
windows on the world,107th fl.,new york city,212-524-7000,eclectic,-1,True
wollensky's grill,205 e. 49th st.,new york city,212-753-0444,steakhouses,21,False
yama,122 e. 17th st.,new york city,212-475-0969,japanese,6,False
zarela,953 second ave.,new york city,212-644-6740,mexican,17,False
andre's french restaurant,401 s. 6th st.,las vegas,702-385-5016,french (classic),-1,True
buccaneer bay club,3300 las vegas blvd. s.,las vegas,702-894-7350,continental,22,False
buzio's in the rio,3700 w. flamingo rd.,las vegas,702-252-7697,seafood,22,False
emeril's new orleans fish house,3799 las vegas blvd. s.,las vegas,702-891-7374,seafood,22,False
fiore rotisserie & grille,3700 w. flamingo rd.,las vegas,702-252-7702,italian,22,False
hugo's cellar,202 e. fremont st.,las vegas,702-385-4011,continental,22,False
madame ching's,3300 las vegas blvd. s.,las vegas,702-894-7111,asian,22,False
mayflower cuisinier,4750 w. sahara ave.,las vegas,702-870-8432,chinese,22,False
michael's (las vegas),3595 las vegas blvd. s.,las vegas,702-737-7111,continental,22,False
monte carlo,3145 las vegas blvd. s.,las vegas,702-733-4524,french (new),22,False
moongate,3400 las vegas blvd. s.,las vegas,702-791-7352,chinese,22,False
morton's of chicago (las vegas),3200 las vegas blvd. s.,las vegas,702-893-0703,steakhouses,22,False
nicky blair's,3925 paradise rd.,las vegas,702-792-9900,italian,22,False
piero's restaurant,355 convention center dr.,las vegas,702-369-2305,italian,22,False
spago (las vegas),3500 las vegas blvd. s.,las vegas,702-369-6300,californian,-1,True
steakhouse  the,128 e. fremont st.,las vegas,702-382-1600,steakhouses,22,False
stefano's,129 fremont st.,las vegas,702-385-7111,italian,22,False
sterling brunch,3645 las vegas blvd. s.,las vegas,702-739-4651,eclectic,-1,True
tre visi,3799 las vegas blvd. s.,las vegas,702-891-7331,italian,22,False
103 west,103 w. paces ferry rd.,atlanta,404-233-5993,continental,23,False
alon's at the terrace,659 peachtree st.,atlanta,404-724-0444,sandwiches,-1,True
baker's cajun cafe,1134 euclid ave.,atlanta,404-223-5039,cajun/creole,-1,True
barbecue kitchen,1437 virginia ave.,atlanta,404-766-9906,bbq,56,False
bistro  the,56 e. andrews dr. nw,atlanta,404-231-5733,french bistro,23,False
bobby & june's kountry kitchen,375 14th st.,atlanta,404-876-3872,southern/soul,27,False
bradshaw's restaurant,2911 s. pharr court,atlanta,404-261-7015,southern/soul,27,False
brookhaven cafe,4274 peachtree rd.,atlanta,404-231-5907,vegetarian,57,False
cafe sunflower,5975 roswell rd.,atlanta,404-256-1675,health food,-1,True
canoe,4199 paces ferry rd.,atlanta,770-432-2663,american (new),23,False
carey's,1021 cobb pkwy. se,marietta,770-422-8042,hamburgers,58,False
carey's corner,1215 powers ferry rd.,marietta,770-933-0909,hamburgers,58,False
chops,70 w. paces ferry rd.,atlanta,404-262-2675,steakhouses,24,False
chopstix,4279 roswell rd.,atlanta,404-255-4868,chinese,-1,True
deacon burton's soulfood restaurant,1029 edgewood ave. se,atlanta,404-523-1929,southern/soul,27,False
eats,600 ponce de leon ave.,atlanta,404-888-9149,italian,22,False
flying biscuit  the,1655 mclendon ave.,atlanta,404-687-8888,eclectic,26,False
frijoleros,1031 peachtree st. ne,atlanta,404-892-8226,tex-mex,59,False
greenwood's,1087 green st.,roswell,770-992-5383,southern/soul,-1,True
harold's barbecue,171 mcdonough blvd.,atlanta,404-627-9268,bbq,56,False
havana sandwich shop,2905 buford hwy.,atlanta,404-636-4094,cuban,-1,True
house of chan,2469 cobb pkwy.,smyrna,770-955-9444,chinese,-1,True
indian delights,3675 satellite blvd.,duluth,100-813-8212,indian,-1,True
java jive,790 ponce de leon ave.,atlanta,404-876-6161,coffee shops,60,False
johnny rockets (at),2970 cobb pkwy.,atlanta,770-955-6068,american,23,False
kalo's coffee house,1248 clairmont rd.,decatur,404-325-3733,coffeehouses,-1,True
la fonda latina,4427 roswell rd.,atlanta,404-303-8201,spanish,-1,True
lettuce souprise you (at),3525 mall blvd.,duluth,770-418-9969,cafeterias,-1,True
majestic,1031 ponce de leon ave.,atlanta,404-875-0276,diners,61,False
morton's of chicago (atlanta),303 peachtree st. ne,atlanta,404-577-4366,steakhouses,24,False
my thai,1248 clairmont rd.,atlanta,404-636-4280,thai,-1,True
nava,3060 peachtree rd.,atlanta,404-240-1984,southwestern,23,False
nuevo laredo cantina,1495 chattahoochee ave. nw,atlanta,404-352-9009,mexican,-1,True
original pancake house (at),4330 peachtree rd.,atlanta,404-237-4116,american,23,False
palm  the (atlanta),3391 peachtree rd. ne,atlanta,404-814-1955,steakhouses,24,False
rainbow restaurant,2118 n. decatur rd.,decatur,404-633-3538,vegetarian,-1,True
ritz-carlton cafe (atlanta),181 peachtree st.,atlanta,404-659-0400,american (new),23,False
riviera,519 e. paces ferry rd.,atlanta,404-262-7112,mediterranean,25,False
silver skillet  the,200 14th st. nw,atlanta,404-874-1388,coffee shops,60,False
soto,3330 piedmont rd.,atlanta,404-233-2005,japanese,-1,True
thelma's kitchen,764 marietta st. nw,atlanta,404-688-5855,cafeterias,23,False
tortillas,774 ponce de leon ave. ne,atlanta,404-892-0193,tex-mex,59,False
van gogh's restaurant & bar,70 w. crossville rd.,roswell,770-993-1156,american (new),-1,True
veggieland,220 sandy springs circle,atlanta,404-231-3111,vegetarian,57,False
white house restaurant,3172 peachtree rd. ne,atlanta,404-237-7601,diners,61,False
zab-e-lee,4837 old national hwy.,college park,404-768-2705,thai,-1,True
bill's place,2315 clement st.,san francisco,415-221-5262,hamburgers,62,False
cafe flore,2298 market st.,san francisco,415-621-8579,californian,28,False
caffe greco,423 columbus ave.,san francisco,415-397-6261,continental,-1,True
campo santo,240 columbus ave.,san francisco,415-433-9623,mexican,63,False
cha cha cha's,1805 haight st.,san francisco,415-386-5758,caribbean,-1,True
doidge's,2217 union st.,san francisco,415-921-2149,american,28,False
dottie's true blue cafe,522 jones st.,san francisco,415-885-2767,diners,-1,True
dusit thai,3221 mission st.,san francisco,415-826-4639,thai,28,False
ebisu,1283 ninth ave.,san francisco,415-566-1770,japanese,28,False
emerald garden restaurant,1550 california st.,san francisco,415-673-1155,vietnamese,64,False
eric's chinese restaurant,1500 church st.,san francisco,415-282-0919,chinese,-1,True
hamburger mary's,1582 folsom st.,san francisco,415-626-1985,hamburgers,62,False
kelly's on trinity,333 bush st.,san francisco,415-362-4454,californian,28,False
la cumbre,515 valencia st.,san francisco,415-863-8205,mexican,63,False
la mediterranee,288 noe st.,san francisco,415-431-7210,mediterranean,28,False
la taqueria,2889 mission st.,san francisco,415-285-7117,mexican,63,False
mario's bohemian cigar store cafe,2209 polk st.,san francisco,415-776-8226,italian,29,False
marnee thai,2225 irving st.,san francisco,415-665-9500,thai,28,False
mel's drive-in,3355 geary st.,san francisco,415-387-2244,hamburgers,62,False
mo's burgers,1322 grant st.,san francisco,415-788-3779,hamburgers,62,False
phnom penh cambodian restaurant,631 larkin st.,san francisco,415-775-5979,cambodian,-1,True
roosevelt tamale parlor,2817 24th st.,san francisco,415-550-9213,mexican,63,False
sally's cafe & bakery,300 de haro st.,san francisco,415-626-6006,american,28,False
san francisco bbq,1328 18th st.,san francisco,415-431-8956,thai,28,False
slanted door,584 valencia st.,san francisco,415-861-8032,vietnamese,64,False
swan oyster depot,1517 polk st.,san francisco,415-673-1101,seafood,28,False
thep phanom,400 waller st.,san francisco,415-431-2526,thai,28,False
ti couz,3108 16th st.,san francisco,415-252-7373,french,28,False
trio cafe,1870 fillmore st.,san francisco,415-563-2248,american,28,False
tu lan,8 sixth st.,san francisco,415-626-0927,vietnamese,64,False
vicolo pizzeria,201 ivy st.,san francisco,415-863-2382,pizza,-1,True
wa-ha-ka oaxaca mexican grill,2141 polk st.,san francisco,415-775-1055,mexican,63,False
